pedido_id,ong_id,categoria,kg,ts_abertura,ts_expira,kg_atendido,status
P-00001,O-040,preparado,23.0,2025-09-01 10:15:00,2025-09-08 10:15:00,23.0,atendido
P-00002,O-013,nao_perecivel,50.8,2025-09-01 11:28:00,2025-09-05 11:28:00,50.8,atendido
P-00003,O-032,hortifruti,42.3,2025-09-01 12:41:00,2025-09-06 12:41:00,38.8,parcial
P-00004,O-042,hortifruti,19.5,2025-09-01 17:35:00,2025-09-07 17:35:00,19.5,atendido
P-00005,O-052,nao_perecivel,90.8,2025-09-01 21:25:00,2025-09-04 21:25:00,0.0,expirado
P-00006,O-024,nao_perecivel,68.2,2025-09-02 14:14:00,2025-09-09 14:14:00,68.2,atendido
P-00007,O-050,nao_perecivel,42.3,2025-09-02 15:39:00,2025-09-06 15:39:00,42.3,atendido
P-00008,O-001,nao_perecivel,28.2,2025-09-02 16:46:00,2025-09-06 16:46:00,28.2,atendido
P-00009,O-012,preparado,24.2,2025-09-02 16:47:00,2025-09-08 16:47:00,8.3,parcial
P-00010,O-007,preparado,61.3,2025-09-02 17:44:00,2025-09-09 17:44:00,3.0,parcial
P-00011,O-036,nao_perecivel,21.6,2025-09-03 07:01:00,2025-09-07 07:01:00,0.0,expirado
P-00012,O-048,nao_perecivel,10.8,2025-09-03 15:03:00,2025-09-07 15:03:00,0.0,expirado
P-00013,O-029,hortifruti,83.9,2025-09-03 20:51:00,2025-09-06 20:51:00,55.6,parcial
P-00014,O-042,padaria,17.9,2025-09-03 21:54:00,2025-09-06 21:54:00,8.7,parcial
P-00015,O-060,hortifruti,16.5,2025-09-04 14:31:00,2025-09-11 14:31:00,16.5,atendido
P-00016,O-002,nao_perecivel,30.0,2025-09-05 07:32:00,2025-09-09 07:32:00,0.0,expirado
P-00017,O-030,hortifruti,10.8,2025-09-05 16:14:00,2025-09-08 16:14:00,10.8,atendido
P-00018,O-036,padaria,27.9,2025-09-05 17:19:00,2025-09-08 17:19:00,0.0,expirado
P-00019,O-059,hortifruti,18.3,2025-09-06 07:05:00,2025-09-11 07:05:00,0.0,expirado
P-00020,O-045,refrigerado,129.9,2025-09-06 13:00:00,2025-09-09 13:00:00,0.0,expirado
P-00021,O-034,nao_perecivel,36.3,2025-09-06 13:56:00,2025-09-13 13:56:00,0.0,expirado
P-00022,O-029,hortifruti,58.1,2025-09-06 15:56:00,2025-09-12 15:56:00,0.0,expirado
P-00023,O-020,nao_perecivel,27.9,2025-09-06 20:15:00,2025-09-09 20:15:00,27.9,atendido
P-00024,O-054,hortifruti,46.7,2025-09-07 10:14:00,2025-09-12 10:14:00,0.0,expirado
P-00025,O-031,hortifruti,106.5,2025-09-07 13:00:00,2025-09-12 13:00:00,0.0,expirado
P-00026,O-022,nao_perecivel,34.1,2025-09-07 20:19:00,2025-09-10 20:19:00,7.0,parcial
P-00027,O-014,nao_perecivel,26.1,2025-09-07 22:19:00,2025-09-12 22:19:00,26.1,atendido
P-00028,O-012,hortifruti,37.7,2025-09-08 17:32:00,2025-09-13 17:32:00,30.4,parcial
P-00029,O-039,nao_perecivel,13.4,2025-09-09 20:46:00,2025-09-14 20:46:00,0.0,expirado
P-00030,O-002,nao_perecivel,19.6,2025-09-10 11:27:00,2025-09-17 11:27:00,19.6,atendido
P-00031,O-031,nao_perecivel,118.6,2025-09-10 15:44:00,2025-09-17 15:44:00,0.0,expirado
P-00032,O-005,nao_perecivel,55.2,2025-09-10 16:43:00,2025-09-15 16:43:00,55.2,atendido
P-00033,O-020,preparado,31.8,2025-09-10 18:51:00,2025-09-15 18:51:00,31.8,atendido
P-00034,O-057,nao_perecivel,13.6,2025-09-10 18:55:00,2025-09-16 18:55:00,0.0,expirado
P-00035,O-024,hortifruti,51.7,2025-09-11 10:17:00,2025-09-16 10:17:00,46.9,parcial
P-00036,O-046,refrigerado,52.6,2025-09-11 12:18:00,2025-09-14 12:18:00,0.0,expirado
P-00037,O-021,nao_perecivel,27.3,2025-09-12 09:59:00,2025-09-17 09:59:00,0.0,expirado
P-00038,O-028,hortifruti,32.0,2025-09-12 10:16:00,2025-09-19 10:16:00,32.0,atendido
P-00039,O-045,congelado,141.8,2025-09-12 11:14:00,2025-09-16 11:14:00,62.8,parcial
P-00040,O-005,nao_perecivel,48.0,2025-09-12 16:15:00,2025-09-19 16:15:00,7.2,parcial
P-00041,O-017,nao_perecivel,57.1,2025-09-12 17:20:00,2025-09-15 17:20:00,46.4,parcial
P-00042,O-003,hortifruti,28.7,2025-09-13 08:29:00,2025-09-18 08:29:00,28.7,atendido
P-00043,O-005,nao_perecivel,70.7,2025-09-13 08:32:00,2025-09-17 08:32:00,0.0,expirado
P-00044,O-030,hortifruti,10.0,2025-09-13 08:43:00,2025-09-17 08:43:00,10.0,atendido
P-00045,O-037,hortifruti,55.1,2025-09-13 10:18:00,2025-09-18 10:18:00,55.1,atendido
P-00046,O-004,nao_perecivel,34.2,2025-09-13 13:16:00,2025-09-18 13:16:00,0.0,expirado
P-00047,O-006,nao_perecivel,26.6,2025-09-13 16:56:00,2025-09-19 16:56:00,0.0,expirado
P-00048,O-021,congelado,10.2,2025-09-13 20:01:00,2025-09-19 20:01:00,0.0,expirado
P-00049,O-002,hortifruti,50.4,2025-09-14 18:15:00,2025-09-19 18:15:00,44.9,parcial
P-00050,O-012,nao_perecivel,38.6,2025-09-14 20:49:00,2025-09-21 20:49:00,0.0,expirado
P-00051,O-051,nao_perecivel,16.2,2025-09-14 22:58:00,2025-09-21 22:58:00,16.2,atendido
P-00052,O-001,refrigerado,15.9,2025-09-15 12:04:00,2025-09-18 12:04:00,15.9,atendido
P-00053,O-021,padaria,14.8,2025-09-15 15:09:00,2025-09-19 15:09:00,0.0,expirado
P-00054,O-051,nao_perecivel,24.9,2025-09-15 17:45:00,2025-09-18 17:45:00,10.7,parcial
P-00055,O-030,padaria,14.8,2025-09-16 09:04:00,2025-09-19 09:04:00,0.0,expirado
P-00056,O-017,nao_perecivel,63.2,2025-09-16 11:01:00,2025-09-22 11:01:00,52.5,parcial
P-00057,O-034,padaria,38.6,2025-09-16 14:10:00,2025-09-20 14:10:00,0.0,expirado
P-00058,O-008,nao_perecivel,31.4,2025-09-17 08:46:00,2025-09-23 08:46:00,31.4,atendido
P-00059,O-013,refrigerado,86.4,2025-09-17 09:54:00,2025-09-20 09:54:00,7.1,parcial
P-00060,O-033,hortifruti,19.6,2025-09-17 10:22:00,2025-09-23 10:22:00,17.0,parcial
P-00061,O-018,congelado,11.1,2025-09-17 11:30:00,2025-09-20 11:30:00,0.0,expirado
P-00062,O-002,nao_perecivel,25.8,2025-09-17 17:27:00,2025-09-24 17:27:00,25.8,atendido
P-00063,O-009,nao_perecivel,8.0,2025-09-17 18:08:00,2025-09-23 18:08:00,8.0,atendido
P-00064,O-024,nao_perecivel,77.1,2025-09-18 10:24:00,2025-09-22 10:24:00,21.0,parcial
P-00065,O-015,refrigerado,18.0,2025-09-18 13:23:00,2025-09-21 13:23:00,0.0,expirado
P-00066,O-042,nao_perecivel,20.1,2025-09-18 20:45:00,2025-09-25 20:45:00,0.0,expirado
P-00067,O-050,nao_perecivel,30.4,2025-09-19 08:49:00,2025-09-25 08:49:00,30.4,atendido
P-00068,O-019,nao_perecivel,88.4,2025-09-19 11:07:00,2025-09-22 11:07:00,0.0,expirado
P-00069,O-028,nao_perecivel,30.9,2025-09-19 11:54:00,2025-09-25 11:54:00,0.0,expirado
P-00070,O-010,nao_perecivel,97.9,2025-09-19 13:00:00,2025-09-25 13:00:00,64.3,parcial
P-00071,O-004,nao_perecivel,42.3,2025-09-19 14:20:00,2025-09-22 14:20:00,0.0,expirado
P-00072,O-021,nao_perecivel,24.3,2025-09-19 17:17:00,2025-09-22 17:17:00,0.0,expirado
P-00073,O-026,nao_perecivel,10.2,2025-09-19 17:41:00,2025-09-22 17:41:00,4.5,parcial
P-00074,O-008,preparado,57.4,2025-09-19 21:33:00,2025-09-24 21:33:00,9.6,parcial
P-00075,O-023,padaria,11.4,2025-09-20 08:21:00,2025-09-27 08:21:00,11.4,atendido
P-00076,O-013,hortifruti,93.1,2025-09-20 09:44:00,2025-09-23 09:44:00,41.7,parcial
P-00077,O-029,nao_perecivel,89.1,2025-09-20 17:48:00,2025-09-24 17:48:00,0.0,expirado
P-00078,O-040,congelado,41.3,2025-09-20 21:19:00,2025-09-27 21:19:00,10.7,parcial
P-00079,O-058,nao_perecivel,18.0,2025-09-21 13:08:00,2025-09-27 13:08:00,18.0,atendido
P-00080,O-023,nao_perecivel,26.6,2025-09-21 14:41:00,2025-09-28 14:41:00,0.0,expirado
P-00081,O-005,nao_perecivel,64.5,2025-09-21 15:35:00,2025-09-28 15:35:00,64.5,atendido
P-00082,O-011,hortifruti,16.4,2025-09-21 17:06:00,2025-09-25 17:06:00,0.0,expirado
P-00083,O-004,hortifruti,44.0,2025-09-21 17:32:00,2025-09-24 17:32:00,0.0,expirado
P-00084,O-040,hortifruti,42.0,2025-09-22 08:39:00,2025-09-28 08:39:00,42.0,atendido
P-00085,O-046,nao_perecivel,47.8,2025-09-22 14:52:00,2025-09-27 14:52:00,0.0,expirado
P-00086,O-055,hortifruti,32.2,2025-09-23 08:51:00,2025-09-28 08:51:00,0.0,expirado
P-00087,O-009,hortifruti,17.8,2025-09-23 09:12:00,2025-09-27 09:12:00,17.8,atendido
P-00088,O-016,preparado,12.3,2025-09-23 09:13:00,2025-09-28 09:13:00,0.0,expirado
P-00089,O-015,padaria,22.2,2025-09-23 09:55:00,2025-09-28 09:55:00,0.0,expirado
P-00090,O-036,padaria,19.4,2025-09-23 11:13:00,2025-09-28 11:13:00,13.9,parcial
P-00091,O-041,preparado,10.3,2025-09-23 15:28:00,2025-09-26 15:28:00,7.6,parcial
P-00092,O-045,padaria,67.9,2025-09-24 09:12:00,2025-10-01 09:12:00,40.0,parcial
P-00093,O-005,hortifruti,40.3,2025-09-24 12:58:00,2025-10-01 12:58:00,40.3,atendido
P-00094,O-001,nao_perecivel,20.5,2025-09-24 14:24:00,2025-09-28 14:24:00,0.0,expirado
P-00095,O-024,nao_perecivel,64.5,2025-09-24 16:36:00,2025-09-30 16:36:00,58.4,parcial
P-00096,O-040,hortifruti,43.1,2025-09-24 17:49:00,2025-09-27 17:49:00,43.1,atendido
P-00097,O-012,nao_perecivel,40.1,2025-09-24 21:57:00,2025-09-30 21:57:00,35.5,parcial
P-00098,O-019,hortifruti,82.5,2025-09-25 09:20:00,2025-09-29 09:20:00,0.0,expirado
P-00099,O-037,preparado,20.7,2025-09-25 09:41:00,2025-09-30 09:41:00,0.0,expirado
P-00100,O-033,hortifruti,26.0,2025-09-25 10:27:00,2025-09-28 10:27:00,15.8,parcial
P-00101,O-048,hortifruti,15.2,2025-09-25 15:37:00,2025-09-28 15:37:00,9.7,parcial
P-00102,O-050,nao_perecivel,27.0,2025-09-25 15:56:00,2025-10-02 15:56:00,27.0,atendido
P-00103,O-005,refrigerado,73.2,2025-09-25 16:45:00,2025-09-28 16:45:00,10.1,parcial
P-00104,O-010,padaria,82.4,2025-09-25 20:57:00,2025-09-30 20:57:00,35.5,parcial
P-00105,O-013,nao_perecivel,33.7,2025-09-26 10:25:00,2025-09-30 10:25:00,33.7,atendido
P-00106,O-012,hortifruti,32.0,2025-09-26 16:16:00,2025-09-29 16:16:00,0.0,expirado
P-00107,O-045,congelado,155.7,2025-09-26 17:18:00,2025-09-29 17:18:00,123.6,parcial
P-00108,O-028,padaria,29.7,2025-09-27 08:19:00,2025-10-02 08:19:00,29.7,atendido
P-00109,O-018,nao_perecivel,8.1,2025-09-27 15:52:00,2025-10-04 15:52:00,0.0,expirado
P-00110,O-007,nao_perecivel,61.8,2025-09-27 16:06:00,2025-10-02 16:06:00,0.0,expirado
P-00111,O-004,padaria,16.4,2025-09-28 09:40:00,2025-10-02 09:40:00,0.0,expirado
P-00112,O-027,padaria,26.9,2025-09-28 10:45:00,2025-10-03 10:45:00,12.6,parcial
P-00113,O-023,hortifruti,15.0,2025-09-28 13:27:00,2025-10-04 13:27:00,15.0,atendido
P-00114,O-024,hortifruti,45.2,2025-09-28 14:49:00,2025-10-03 14:49:00,45.2,atendido
P-00115,O-020,padaria,51.4,2025-09-28 15:20:00,2025-10-05 15:20:00,6.4,parcial
P-00116,O-033,nao_perecivel,24.2,2025-09-30 10:33:00,2025-10-06 10:33:00,0.0,expirado
P-00117,O-039,padaria,19.3,2025-09-30 13:04:00,2025-10-07 13:04:00,16.8,parcial
P-00118,O-052,nao_perecivel,64.5,2025-09-30 13:19:00,2025-10-07 13:19:00,64.5,atendido
P-00119,O-005,refrigerado,38.9,2025-09-30 15:02:00,2025-10-03 15:02:00,3.4,parcial
P-00120,O-054,refrigerado,39.0,2025-10-01 11:05:00,2025-10-05 11:05:00,0.0,expirado
P-00121,O-058,nao_perecivel,28.7,2025-10-01 12:43:00,2025-10-08 12:43:00,16.4,parcial
P-00122,O-042,preparado,18.0,2025-10-01 16:48:00,2025-10-04 16:48:00,0.0,expirado
P-00123,O-005,refrigerado,55.5,2025-10-02 08:27:00,2025-10-09 08:27:00,0.0,expirado
P-00124,O-020,nao_perecivel,28.5,2025-10-02 10:10:00,2025-10-07 10:10:00,28.5,atendido
P-00125,O-018,hortifruti,20.0,2025-10-02 11:25:00,2025-10-07 11:25:00,0.0,expirado
P-00126,O-022,nao_perecivel,16.2,2025-10-02 14:32:00,2025-10-09 14:32:00,0.0,expirado
P-00127,O-032,nao_perecivel,29.3,2025-10-02 15:12:00,2025-10-06 15:12:00,0.0,expirado
P-00128,O-029,nao_perecivel,85.4,2025-10-03 10:35:00,2025-10-09 10:35:00,85.4,atendido
P-00129,O-054,padaria,27.4,2025-10-03 10:38:00,2025-10-09 10:38:00,3.0,parcial
P-00130,O-058,preparado,38.9,2025-10-03 11:06:00,2025-10-09 11:06:00,0.0,expirado
P-00131,O-024,hortifruti,41.6,2025-10-03 11:10:00,2025-10-10 11:10:00,6.6,parcial
P-00132,O-041,nao_perecivel,18.7,2025-10-03 13:07:00,2025-10-10 13:07:00,4.2,parcial
P-00133,O-046,preparado,53.0,2025-10-03 13:38:00,2025-10-09 13:38:00,26.9,parcial
P-00134,O-013,refrigerado,73.2,2025-10-03 19:05:00,2025-10-10 19:05:00,33.9,parcial
P-00135,O-026,nao_perecivel,19.3,2025-10-04 17:34:00,2025-10-09 17:34:00,10.8,parcial
P-00136,O-036,preparado,17.3,2025-10-04 18:27:00,2025-10-09 18:27:00,4.8,parcial
P-00137,O-021,congelado,10.7,2025-10-05 08:19:00,2025-10-09 08:19:00,0.0,expirado
P-00138,O-055,nao_perecivel,25.9,2025-10-05 15:34:00,2025-10-09 15:34:00,0.0,expirado
P-00139,O-018,nao_perecivel,10.6,2025-10-05 15:55:00,2025-10-12 15:55:00,0.0,expirado
P-00140,O-032,nao_perecivel,45.7,2025-10-05 17:05:00,2025-10-11 17:05:00,0.0,expirado
P-00141,O-025,hortifruti,87.1,2025-10-05 17:53:00,2025-10-11 17:53:00,32.9,parcial
P-00142,O-012,hortifruti,28.9,2025-10-05 19:46:00,2025-10-11 19:46:00,0.0,expirado
P-00143,O-033,nao_perecivel,9.3,2025-10-06 13:27:00,2025-10-12 13:27:00,9.3,atendido
P-00144,O-044,nao_perecivel,33.4,2025-10-06 17:50:00,2025-10-13 17:50:00,0.0,expirado
P-00145,O-029,hortifruti,50.3,2025-10-07 09:09:00,2025-10-14 09:09:00,50.3,atendido
P-00146,O-021,nao_perecivel,25.0,2025-10-07 12:34:00,2025-10-13 12:34:00,5.6,parcial
P-00147,O-015,nao_perecivel,19.4,2025-10-07 13:30:00,2025-10-11 13:30:00,0.0,expirado
P-00148,O-031,nao_perecivel,86.7,2025-10-07 17:28:00,2025-10-13 17:28:00,86.7,atendido
P-00149,O-020,nao_perecivel,21.8,2025-10-07 18:29:00,2025-10-12 18:29:00,21.8,atendido
P-00150,O-060,congelado,15.2,2025-10-08 09:27:00,2025-10-14 09:27:00,0.0,expirado
P-00151,O-050,preparado,57.8,2025-10-08 09:45:00,2025-10-11 09:45:00,35.4,parcial
P-00152,O-013,nao_perecivel,71.7,2025-10-08 16:54:00,2025-10-13 16:54:00,71.7,atendido
P-00153,O-029,hortifruti,50.3,2025-10-09 09:56:00,2025-10-16 09:56:00,50.3,atendido
P-00154,O-018,padaria,19.5,2025-10-09 10:26:00,2025-10-16 10:26:00,0.0,expirado
P-00155,O-017,hortifruti,39.0,2025-10-09 15:55:00,2025-10-16 15:55:00,35.1,parcial
P-00156,O-020,congelado,57.5,2025-10-09 16:44:00,2025-10-14 16:44:00,53.7,parcial
P-00157,O-039,nao_perecivel,15.0,2025-10-10 07:37:00,2025-10-17 07:37:00,13.5,parcial
P-00158,O-002,nao_perecivel,34.4,2025-10-10 07:51:00,2025-10-13 07:51:00,0.0,expirado
P-00159,O-037,nao_perecivel,44.8,2025-10-10 10:35:00,2025-10-17 10:35:00,44.8,atendido
P-00160,O-055,refrigerado,21.2,2025-10-10 21:01:00,2025-10-15 21:01:00,21.2,atendido
P-00161,O-052,nao_perecivel,54.3,2025-10-11 11:10:00,2025-10-15 11:10:00,49.8,parcial
P-00162,O-043,nao_perecivel,28.5,2025-10-11 13:27:00,2025-10-14 13:27:00,28.5,atendido
P-00163,O-045,hortifruti,188.2,2025-10-11 17:43:00,2025-10-17 17:43:00,188.2,atendido
P-00164,O-054,hortifruti,47.9,2025-10-12 14:01:00,2025-10-15 14:01:00,0.0,expirado
P-00165,O-022,nao_perecivel,41.7,2025-10-12 14:43:00,2025-10-19 14:43:00,0.0,expirado
P-00166,O-010,hortifruti,81.2,2025-10-12 15:43:00,2025-10-19 15:43:00,81.2,atendido
P-00167,O-008,refrigerado,48.9,2025-10-12 16:42:00,2025-10-15 16:42:00,0.0,expirado
P-00168,O-059,hortifruti,43.1,2025-10-12 18:21:00,2025-10-15 18:21:00,39.7,parcial
P-00169,O-014,padaria,24.6,2025-10-12 18:44:00,2025-10-18 18:44:00,3.8,parcial
P-00170,O-050,nao_perecivel,54.3,2025-10-12 19:42:00,2025-10-16 19:42:00,4.5,parcial
P-00171,O-051,preparado,21.8,2025-10-12 20:24:00,2025-10-16 20:24:00,0.0,expirado
P-00172,O-045,congelado,189.3,2025-10-13 11:55:00,2025-10-17 11:55:00,63.6,parcial
P-00173,O-044,hortifruti,11.2,2025-10-14 10:36:00,2025-10-17 10:36:00,0.0,expirado
P-00174,O-008,nao_perecivel,45.2,2025-10-14 15:35:00,2025-10-20 15:35:00,0.0,expirado
P-00175,O-043,hortifruti,24.0,2025-10-14 15:53:00,2025-10-20 15:53:00,24.0,atendido
P-00176,O-011,hortifruti,14.1,2025-10-14 17:31:00,2025-10-19 17:31:00,0.0,expirado
P-00177,O-026,nao_perecivel,11.6,2025-10-15 08:25:00,2025-10-19 08:25:00,11.6,atendido
P-00178,O-001,refrigerado,21.4,2025-10-15 13:45:00,2025-10-20 13:45:00,21.4,atendido
P-00179,O-033,nao_perecivel,16.8,2025-10-15 14:08:00,2025-10-20 14:08:00,0.0,expirado
P-00180,O-050,refrigerado,20.6,2025-10-15 20:20:00,2025-10-20 20:20:00,6.9,parcial
P-00181,O-014,hortifruti,48.1,2025-10-16 08:19:00,2025-10-21 08:19:00,48.1,atendido
P-00182,O-036,hortifruti,17.5,2025-10-16 11:55:00,2025-10-23 11:55:00,0.0,expirado
P-00183,O-032,nao_perecivel,38.9,2025-10-16 15:09:00,2025-10-19 15:09:00,9.1,parcial
P-00184,O-049,nao_perecivel,26.9,2025-10-16 17:36:00,2025-10-20 17:36:00,26.9,atendido
P-00185,O-022,nao_perecivel,18.1,2025-10-16 19:35:00,2025-10-23 19:35:00,18.1,atendido
P-00186,O-001,hortifruti,27.6,2025-10-17 08:04:00,2025-10-24 08:04:00,10.1,parcial
P-00187,O-022,nao_perecivel,37.5,2025-10-17 15:19:00,2025-10-22 15:19:00,0.0,expirado
P-00188,O-050,nao_perecivel,57.0,2025-10-17 19:33:00,2025-10-20 19:33:00,0.0,expirado
P-00189,O-021,preparado,9.3,2025-10-17 19:38:00,2025-10-23 19:38:00,9.3,atendido
P-00190,O-017,nao_perecivel,109.2,2025-10-17 21:35:00,2025-10-20 21:35:00,109.2,atendido
P-00191,O-015,refrigerado,19.8,2025-10-18 11:37:00,2025-10-24 11:37:00,0.0,expirado
P-00192,O-017,nao_perecivel,87.7,2025-10-18 12:45:00,2025-10-24 12:45:00,29.5,parcial
P-00193,O-055,nao_perecivel,19.2,2025-10-18 14:07:00,2025-10-22 14:07:00,5.0,parcial
P-00194,O-051,nao_perecivel,24.7,2025-10-18 15:27:00,2025-10-24 15:27:00,0.0,expirado
P-00195,O-007,refrigerado,27.1,2025-10-18 17:01:00,2025-10-22 17:01:00,0.0,expirado
P-00196,O-021,hortifruti,24.8,2025-10-18 17:39:00,2025-10-25 17:39:00,13.0,parcial
P-00197,O-013,nao_perecivel,77.8,2025-10-18 20:17:00,2025-10-25 20:17:00,77.8,atendido
P-00198,O-057,nao_perecivel,22.4,2025-10-19 14:54:00,2025-10-22 14:54:00,0.0,expirado
P-00199,O-021,nao_perecivel,16.7,2025-10-19 18:59:00,2025-10-26 18:59:00,0.6,parcial
P-00200,O-017,nao_perecivel,93.1,2025-10-19 20:27:00,2025-10-23 20:27:00,0.0,expirado
P-00201,O-003,hortifruti,63.8,2025-10-20 08:52:00,2025-10-26 08:52:00,13.8,parcial
P-00202,O-002,padaria,60.0,2025-10-20 12:17:00,2025-10-27 12:17:00,60.0,atendido
P-00203,O-041,hortifruti,15.8,2025-10-20 18:53:00,2025-10-26 18:53:00,0.0,expirado
P-00204,O-013,nao_perecivel,54.8,2025-10-21 08:29:00,2025-10-25 08:29:00,0.0,expirado
P-00205,O-031,congelado,56.3,2025-10-21 10:36:00,2025-10-26 10:36:00,18.0,parcial
P-00206,O-029,hortifruti,106.9,2025-10-21 13:59:00,2025-10-27 13:59:00,50.9,parcial
P-00207,O-030,hortifruti,21.2,2025-10-21 15:14:00,2025-10-26 15:14:00,21.2,atendido
P-00208,O-040,hortifruti,16.4,2025-10-21 18:37:00,2025-10-26 18:37:00,16.4,atendido
P-00209,O-059,padaria,34.7,2025-10-22 09:24:00,2025-10-28 09:24:00,31.4,parcial
P-00210,O-023,nao_perecivel,22.8,2025-10-22 11:08:00,2025-10-26 11:08:00,22.8,atendido
P-00211,O-016,refrigerado,23.4,2025-10-22 12:25:00,2025-10-28 12:25:00,0.0,expirado
P-00212,O-024,hortifruti,51.9,2025-10-22 13:58:00,2025-10-25 13:58:00,0.0,expirado
P-00213,O-043,padaria,19.3,2025-10-22 14:46:00,2025-10-26 14:46:00,4.4,parcial
P-00214,O-020,nao_perecivel,36.9,2025-10-23 10:53:00,2025-10-26 10:53:00,24.1,parcial
P-00215,O-054,padaria,32.9,2025-10-23 12:26:00,2025-10-30 12:26:00,0.0,expirado
P-00216,O-033,hortifruti,23.9,2025-10-23 15:06:00,2025-10-30 15:06:00,5.5,parcial
P-00217,O-026,padaria,14.3,2025-10-23 18:14:00,2025-10-27 18:14:00,14.3,atendido
P-00218,O-060,hortifruti,28.1,2025-10-24 15:43:00,2025-10-31 15:43:00,15.3,parcial
P-00219,O-033,hortifruti,29.8,2025-10-24 16:49:00,2025-10-27 16:49:00,0.0,expirado
P-00220,O-048,hortifruti,7.0,2025-10-24 20:51:00,2025-10-27 20:51:00,7.0,atendido
P-00221,O-029,padaria,64.7,2025-10-25 11:31:00,2025-10-29 11:31:00,32.6,parcial
P-00222,O-030,padaria,19.3,2025-10-26 10:37:00,2025-11-02 10:37:00,3.6,parcial
P-00223,O-043,padaria,20.7,2025-10-26 13:44:00,2025-10-30 13:44:00,0.0,expirado
P-00224,O-016,nao_perecivel,17.4,2025-10-26 16:25:00,2025-10-30 16:25:00,0.0,expirado
P-00225,O-013,nao_perecivel,90.1,2025-10-27 08:56:00,2025-11-03 08:56:00,90.1,atendido
P-00226,O-059,padaria,40.1,2025-10-27 13:38:00,2025-10-30 13:38:00,9.3,parcial
P-00227,O-060,hortifruti,22.4,2025-10-27 14:38:00,2025-10-31 14:38:00,0.0,expirado
P-00228,O-008,refrigerado,46.6,2025-10-27 22:54:00,2025-10-30 22:54:00,0.0,expirado
P-00229,O-015,nao_perecivel,23.9,2025-10-28 09:30:00,2025-11-04 09:30:00,0.0,expirado
P-00230,O-011,nao_perecivel,13.7,2025-10-28 10:02:00,2025-11-01 10:02:00,0.0,expirado
P-00231,O-042,hortifruti,34.9,2025-10-28 21:08:00,2025-11-03 21:08:00,12.9,parcial
P-00232,O-027,nao_perecivel,39.0,2025-10-29 14:39:00,2025-11-05 14:39:00,0.0,expirado
P-00233,O-043,hortifruti,29.9,2025-10-30 10:19:00,2025-11-04 10:19:00,0.0,expirado
P-00234,O-016,nao_perecivel,11.7,2025-10-30 14:26:00,2025-11-05 14:26:00,11.7,atendido
P-00235,O-046,hortifruti,42.5,2025-10-30 15:36:00,2025-11-04 15:36:00,41.5,parcial
P-00236,O-005,congelado,58.6,2025-10-30 16:49:00,2025-11-06 16:49:00,25.9,parcial
P-00237,O-051,nao_perecivel,14.2,2025-10-30 18:37:00,2025-11-04 18:37:00,14.2,atendido
P-00238,O-001,congelado,12.4,2025-10-31 15:46:00,2025-11-07 15:46:00,12.4,atendido
P-00239,O-030,hortifruti,22.1,2025-10-31 20:03:00,2025-11-06 20:03:00,0.0,expirado
P-00240,O-037,nao_perecivel,34.5,2025-10-31 20:38:00,2025-11-04 20:38:00,34.2,parcial
P-00241,O-051,nao_perecivel,20.3,2025-11-01 09:37:00,2025-11-07 09:37:00,20.3,atendido
P-00242,O-016,preparado,12.3,2025-11-01 11:53:00,2025-11-06 11:53:00,6.1,parcial
P-00243,O-021,padaria,10.3,2025-11-01 13:23:00,2025-11-05 13:23:00,10.3,atendido
P-00244,O-013,hortifruti,45.5,2025-11-01 15:42:00,2025-11-06 15:42:00,0.0,expirado
P-00245,O-037,hortifruti,44.8,2025-11-01 15:52:00,2025-11-05 15:52:00,44.8,atendido
P-00246,O-046,nao_perecivel,36.4,2025-11-01 16:14:00,2025-11-07 16:14:00,1.1,parcial
P-00247,O-027,nao_perecivel,35.9,2025-11-01 20:49:00,2025-11-07 20:49:00,34.0,parcial
P-00248,O-055,hortifruti,14.3,2025-11-01 22:50:00,2025-11-05 22:50:00,7.9,parcial
P-00249,O-059,congelado,17.6,2025-11-02 10:07:00,2025-11-05 10:07:00,0.0,expirado
P-00250,O-054,congelado,41.0,2025-11-02 11:48:00,2025-11-05 11:48:00,0.0,expirado
P-00251,O-060,preparado,31.6,2025-11-02 12:56:00,2025-11-07 12:56:00,0.0,expirado
P-00252,O-040,preparado,25.4,2025-11-02 15:35:00,2025-11-05 15:35:00,25.4,atendido
P-00253,O-024,nao_perecivel,43.2,2025-11-02 16:53:00,2025-11-06 16:53:00,43.2,atendido
P-00254,O-041,hortifruti,12.9,2025-11-02 20:55:00,2025-11-06 20:55:00,0.0,expirado
P-00255,O-018,nao_perecivel,16.1,2025-11-03 09:42:00,2025-11-10 09:42:00,10.1,parcial
P-00256,O-049,nao_perecivel,28.6,2025-11-04 08:54:00,2025-11-11 08:54:00,28.6,atendido
P-00257,O-025,preparado,85.2,2025-11-04 19:43:00,2025-11-09 19:43:00,22.7,parcial
P-00258,O-026,padaria,10.8,2025-11-05 07:21:00,2025-11-12 07:21:00,10.8,atendido
P-00259,O-021,nao_perecivel,16.9,2025-11-05 08:15:00,2025-11-09 08:15:00,0.0,expirado
P-00260,O-033,nao_perecivel,10.0,2025-11-05 10:13:00,2025-11-12 10:13:00,10.0,atendido
P-00261,O-037,padaria,52.9,2025-11-05 16:53:00,2025-11-09 16:53:00,0.0,expirado
P-00262,O-046,hortifruti,20.0,2025-11-06 09:37:00,2025-11-09 09:37:00,20.0,atendido
P-00263,O-032,nao_perecivel,33.2,2025-11-06 10:26:00,2025-11-10 10:26:00,0.0,expirado
P-00264,O-024,padaria,41.5,2025-11-06 12:35:00,2025-11-10 12:35:00,8.8,parcial
P-00265,O-010,nao_perecivel,77.3,2025-11-06 13:09:00,2025-11-10 13:09:00,77.3,atendido
P-00266,O-060,hortifruti,16.6,2025-11-06 16:03:00,2025-11-13 16:03:00,0.0,expirado
P-00267,O-023,padaria,26.0,2025-11-06 18:00:00,2025-11-09 18:00:00,26.0,atendido
P-00268,O-022,nao_perecivel,16.7,2025-11-06 21:24:00,2025-11-09 21:24:00,10.5,parcial
P-00269,O-039,hortifruti,11.1,2025-11-07 08:57:00,2025-11-11 08:57:00,7.6,parcial
P-00270,O-030,hortifruti,25.4,2025-11-07 11:42:00,2025-11-12 11:42:00,25.4,atendido
P-00271,O-042,nao_perecivel,37.8,2025-11-07 16:40:00,2025-11-13 16:40:00,0.0,expirado
P-00272,O-014,nao_perecivel,46.1,2025-11-07 18:15:00,2025-11-12 18:15:00,46.1,atendido
P-00273,O-012,congelado,15.7,2025-11-07 19:20:00,2025-11-14 19:20:00,0.0,expirado
P-00274,O-052,preparado,97.0,2025-11-07 20:42:00,2025-11-11 20:42:00,13.6,parcial
P-00275,O-013,hortifruti,97.0,2025-11-08 10:43:00,2025-11-11 10:43:00,44.7,parcial
P-00276,O-011,nao_perecivel,11.0,2025-11-08 12:40:00,2025-11-15 12:40:00,11.0,atendido
P-00277,O-011,nao_perecivel,12.3,2025-11-09 10:23:00,2025-11-13 10:23:00,0.0,expirado
P-00278,O-005,nao_perecivel,57.5,2025-11-09 12:57:00,2025-11-15 12:57:00,31.9,parcial
P-00279,O-041,nao_perecivel,11.6,2025-11-09 13:59:00,2025-11-14 13:59:00,6.3,parcial
P-00280,O-037,hortifruti,63.9,2025-11-09 19:38:00,2025-11-12 19:38:00,63.4,parcial
P-00281,O-030,hortifruti,19.3,2025-11-10 12:14:00,2025-11-15 12:14:00,0.0,expirado
P-00282,O-006,preparado,22.5,2025-11-10 14:15:00,2025-11-14 14:15:00,0.0,expirado
P-00283,O-021,padaria,27.2,2025-11-10 15:21:00,2025-11-16 15:21:00,3.4,parcial
P-00284,O-019,padaria,99.4,2025-11-10 17:58:00,2025-11-16 17:58:00,0.0,expirado
P-00285,O-059,padaria,38.2,2025-11-10 21:44:00,2025-11-15 21:44:00,30.3,parcial
P-00286,O-012,padaria,40.8,2025-11-10 21:49:00,2025-11-14 21:49:00,24.1,parcial
P-00287,O-001,preparado,15.6,2025-11-11 08:27:00,2025-11-18 08:27:00,15.6,atendido
P-00288,O-049,hortifruti,30.2,2025-11-11 14:00:00,2025-11-16 14:00:00,24.9,parcial
P-00289,O-060,congelado,17.2,2025-11-11 15:41:00,2025-11-14 15:41:00,0.0,expirado
P-00290,O-026,nao_perecivel,19.9,2025-11-11 20:30:00,2025-11-18 20:30:00,19.9,atendido
P-00291,O-006,padaria,20.6,2025-11-12 13:04:00,2025-11-18 13:04:00,0.0,expirado
P-00292,O-012,hortifruti,30.4,2025-11-12 17:01:00,2025-11-18 17:01:00,0.0,expirado
P-00293,O-041,nao_perecivel,13.7,2025-11-12 21:26:00,2025-11-15 21:26:00,0.0,expirado
P-00294,O-052,nao_perecivel,101.2,2025-11-13 09:30:00,2025-11-17 09:30:00,101.2,atendido
P-00295,O-011,hortifruti,8.8,2025-11-13 13:41:00,2025-11-17 13:41:00,0.0,expirado
P-00296,O-051,nao_perecivel,22.5,2025-11-14 09:17:00,2025-11-17 09:17:00,12.5,parcial
P-00297,O-001,hortifruti,29.5,2025-11-14 11:38:00,2025-11-18 11:38:00,0.0,expirado
P-00298,O-034,nao_perecivel,31.1,2025-11-15 10:09:00,2025-11-19 10:09:00,0.0,expirado
P-00299,O-026,nao_perecivel,14.5,2025-11-15 17:27:00,2025-11-20 17:27:00,0.0,expirado
P-00300,O-022,nao_perecivel,27.9,2025-11-15 18:45:00,2025-11-20 18:45:00,27.9,atendido
P-00301,O-040,hortifruti,41.6,2025-11-15 20:22:00,2025-11-19 20:22:00,41.6,atendido
P-00302,O-012,nao_perecivel,14.3,2025-11-16 13:05:00,2025-11-23 13:05:00,0.0,expirado
P-00303,O-051,preparado,17.7,2025-11-16 13:56:00,2025-11-20 13:56:00,9.7,parcial
P-00304,O-030,nao_perecivel,19.6,2025-11-16 18:19:00,2025-11-22 18:19:00,0.0,expirado
P-00305,O-037,nao_perecivel,23.1,2025-11-17 10:42:00,2025-11-21 10:42:00,23.1,atendido
P-00306,O-014,refrigerado,19.9,2025-11-17 12:20:00,2025-11-24 12:20:00,19.9,atendido
P-00307,O-022,nao_perecivel,26.3,2025-11-17 16:26:00,2025-11-20 16:26:00,0.0,expirado
P-00308,O-055,hortifruti,32.0,2025-11-17 17:19:00,2025-11-21 17:19:00,32.0,atendido
P-00309,O-026,nao_perecivel,10.4,2025-11-17 22:38:00,2025-11-22 22:38:00,10.4,atendido
P-00310,O-040,preparado,30.6,2025-11-17 22:49:00,2025-11-20 22:49:00,30.6,atendido
P-00311,O-046,nao_perecivel,45.0,2025-11-18 09:23:00,2025-11-21 09:23:00,26.2,parcial
P-00312,O-057,refrigerado,13.1,2025-11-18 09:26:00,2025-11-22 09:26:00,0.0,expirado
P-00313,O-044,hortifruti,26.1,2025-11-18 09:54:00,2025-11-25 09:54:00,12.9,parcial
P-00314,O-014,padaria,30.8,2025-11-18 12:22:00,2025-11-23 12:22:00,25.6,parcial
P-00315,O-010,nao_perecivel,101.4,2025-11-18 13:08:00,2025-11-21 13:08:00,29.5,parcial
P-00316,O-054,nao_perecivel,26.4,2025-11-18 15:08:00,2025-11-23 15:08:00,0.0,expirado
P-00317,O-058,nao_perecivel,44.6,2025-11-18 16:50:00,2025-11-25 16:50:00,44.6,atendido
P-00318,O-029,preparado,77.5,2025-11-19 07:48:00,2025-11-24 07:48:00,0.0,expirado
P-00319,O-009,hortifruti,17.9,2025-11-19 13:35:00,2025-11-24 13:35:00,0.0,expirado
P-00320,O-002,refrigerado,37.7,2025-11-19 13:56:00,2025-11-26 13:56:00,0.0,expirado
P-00321,O-033,padaria,14.2,2025-11-19 14:15:00,2025-11-22 14:15:00,0.0,expirado
P-00322,O-019,hortifruti,65.2,2025-11-19 14:58:00,2025-11-26 14:58:00,0.0,expirado
P-00323,O-051,preparado,20.9,2025-11-19 16:37:00,2025-11-22 16:37:00,0.0,expirado
P-00324,O-055,congelado,30.8,2025-11-20 13:36:00,2025-11-26 13:36:00,30.8,atendido
P-00325,O-025,preparado,32.8,2025-11-20 14:07:00,2025-11-26 14:07:00,32.8,atendido
P-00326,O-041,padaria,14.8,2025-11-20 15:24:00,2025-11-26 15:24:00,14.8,atendido
P-00327,O-043,refrigerado,22.4,2025-11-20 16:08:00,2025-11-24 16:08:00,5.2,parcial
P-00328,O-024,hortifruti,77.3,2025-11-20 16:46:00,2025-11-23 16:46:00,0.0,expirado
P-00329,O-028,nao_perecivel,20.8,2025-11-21 09:34:00,2025-11-28 09:34:00,20.8,atendido
P-00330,O-010,refrigerado,89.2,2025-11-21 15:22:00,2025-11-27 15:22:00,0.0,expirado
P-00331,O-034,hortifruti,14.9,2025-11-21 16:28:00,2025-11-28 16:28:00,0.0,expirado
P-00332,O-048,refrigerado,9.7,2025-11-22 08:57:00,2025-11-29 08:57:00,9.7,atendido
P-00333,O-003,padaria,50.2,2025-11-22 14:14:00,2025-11-28 14:14:00,0.0,expirado
P-00334,O-016,nao_perecivel,17.9,2025-11-22 16:23:00,2025-11-26 16:23:00,0.0,expirado
P-00335,O-010,congelado,72.4,2025-11-22 16:39:00,2025-11-29 16:39:00,72.4,atendido
P-00336,O-012,nao_perecivel,40.2,2025-11-22 19:37:00,2025-11-29 19:37:00,0.0,expirado
P-00337,O-013,refrigerado,63.1,2025-11-23 08:44:00,2025-11-28 08:44:00,29.5,parcial
P-00338,O-029,nao_perecivel,70.0,2025-11-23 11:55:00,2025-11-27 11:55:00,0.0,expirado
P-00339,O-026,nao_perecivel,16.2,2025-11-23 13:40:00,2025-11-26 13:40:00,0.0,expirado
P-00340,O-005,nao_perecivel,53.0,2025-11-23 17:25:00,2025-11-27 17:25:00,2.2,parcial
P-00341,O-023,hortifruti,17.3,2025-11-23 18:33:00,2025-11-30 18:33:00,15.3,parcial
P-00342,O-021,nao_perecivel,20.2,2025-11-24 07:02:00,2025-11-30 07:02:00,20.2,atendido
P-00343,O-045,hortifruti,189.3,2025-11-24 08:22:00,2025-11-30 08:22:00,189.3,atendido
P-00344,O-009,padaria,15.6,2025-11-24 08:23:00,2025-12-01 08:23:00,15.6,atendido
P-00345,O-001,congelado,21.2,2025-11-24 08:53:00,2025-11-29 08:53:00,21.2,atendido
P-00346,O-044,hortifruti,18.7,2025-11-24 11:22:00,2025-11-29 11:22:00,0.0,expirado
P-00347,O-032,nao_perecivel,49.2,2025-11-24 13:16:00,2025-11-30 13:16:00,48.5,parcial
P-00348,O-025,congelado,80.2,2025-11-24 16:46:00,2025-11-28 16:46:00,0.0,expirado
P-00349,O-054,hortifruti,28.5,2025-11-25 10:32:00,2025-11-28 10:32:00,15.0,parcial
P-00350,O-001,hortifruti,17.9,2025-11-25 11:00:00,2025-11-28 11:00:00,0.0,expirado
P-00351,O-013,refrigerado,98.9,2025-11-25 16:23:00,2025-11-30 16:23:00,0.0,expirado
P-00352,O-040,hortifruti,48.0,2025-11-25 16:35:00,2025-11-30 16:35:00,48.0,atendido
P-00353,O-026,nao_perecivel,12.5,2025-11-25 18:49:00,2025-11-29 18:49:00,0.0,expirado
P-00354,O-059,hortifruti,37.6,2025-11-25 21:54:00,2025-12-02 21:54:00,30.8,parcial
P-00355,O-030,hortifruti,21.8,2025-11-26 10:25:00,2025-12-01 10:25:00,21.8,atendido
P-00356,O-005,refrigerado,69.2,2025-11-26 11:54:00,2025-12-01 11:54:00,0.0,expirado
P-00357,O-036,nao_perecivel,8.8,2025-11-26 15:36:00,2025-12-03 15:36:00,0.0,expirado
P-00358,O-051,nao_perecivel,27.6,2025-11-26 21:30:00,2025-12-03 21:30:00,23.5,parcial
P-00359,O-028,padaria,12.0,2025-11-27 08:50:00,2025-12-01 08:50:00,1.9,parcial
P-00360,O-008,padaria,36.2,2025-11-27 09:44:00,2025-12-04 09:44:00,3.9,parcial
P-00361,O-044,nao_perecivel,32.5,2025-11-27 10:30:00,2025-11-30 10:30:00,0.0,expirado
P-00362,O-017,nao_perecivel,71.7,2025-11-27 12:14:00,2025-12-03 12:14:00,0.0,expirado
P-00363,O-005,hortifruti,40.3,2025-11-27 13:10:00,2025-12-03 13:10:00,40.3,atendido
P-00364,O-055,nao_perecivel,18.4,2025-11-27 14:30:00,2025-12-01 14:30:00,0.0,expirado
P-00365,O-059,padaria,25.1,2025-11-27 17:19:00,2025-12-04 17:19:00,25.1,atendido
P-00366,O-015,padaria,21.2,2025-11-28 13:23:00,2025-12-04 13:23:00,3.0,parcial
P-00367,O-001,refrigerado,14.3,2025-11-28 14:21:00,2025-12-04 14:21:00,0.0,expirado
P-00368,O-028,nao_perecivel,14.8,2025-11-28 15:10:00,2025-12-05 15:10:00,14.8,atendido
P-00369,O-049,preparado,23.6,2025-11-28 17:11:00,2025-12-02 17:11:00,19.5,parcial
P-00370,O-020,nao_perecivel,56.1,2025-11-28 17:19:00,2025-12-02 17:19:00,56.1,atendido
P-00371,O-012,hortifruti,34.5,2025-11-28 18:32:00,2025-12-03 18:32:00,0.0,expirado
P-00372,O-022,nao_perecivel,25.3,2025-11-28 21:03:00,2025-12-05 21:03:00,0.0,expirado
P-00373,O-060,refrigerado,16.2,2025-11-29 13:51:00,2025-12-06 13:51:00,16.2,atendido
P-00374,O-025,preparado,55.8,2025-11-29 15:37:00,2025-12-03 15:37:00,13.8,parcial
P-00375,O-029,preparado,108.2,2025-11-29 17:14:00,2025-12-06 17:14:00,0.0,expirado
P-00376,O-037,hortifruti,28.0,2025-11-30 08:26:00,2025-12-04 08:26:00,19.4,parcial
P-00377,O-025,padaria,46.1,2025-12-01 09:25:00,2025-12-06 09:25:00,28.9,parcial
P-00378,O-003,hortifruti,24.9,2025-12-01 15:45:00,2025-12-06 15:45:00,0.0,expirado
P-00379,O-031,padaria,75.5,2025-12-01 17:50:00,2025-12-07 17:50:00,0.0,expirado
P-00380,O-041,padaria,13.2,2025-12-01 20:43:00,2025-12-04 20:43:00,13.2,atendido
P-00381,O-026,nao_perecivel,21.0,2025-12-01 22:47:00,2025-12-04 22:47:00,0.0,expirado
P-00382,O-034,nao_perecivel,20.1,2025-12-02 13:40:00,2025-12-07 13:40:00,0.0,expirado
P-00383,O-008,nao_perecivel,59.6,2025-12-02 13:45:00,2025-12-07 13:45:00,0.0,expirado
P-00384,O-023,hortifruti,28.8,2025-12-02 20:07:00,2025-12-09 20:07:00,28.8,atendido
P-00385,O-055,hortifruti,38.2,2025-12-03 11:37:00,2025-12-08 11:37:00,22.4,parcial
P-00386,O-016,preparado,19.1,2025-12-03 13:03:00,2025-12-06 13:03:00,0.0,expirado
P-00387,O-004,nao_perecivel,23.9,2025-12-03 14:50:00,2025-12-06 14:50:00,0.0,expirado
P-00388,O-032,hortifruti,57.9,2025-12-03 14:57:00,2025-12-08 14:57:00,40.5,parcial
P-00389,O-005,nao_perecivel,67.6,2025-12-04 08:14:00,2025-12-09 08:14:00,0.0,expirado
P-00390,O-002,hortifruti,31.6,2025-12-04 09:15:00,2025-12-10 09:15:00,0.0,expirado
P-00391,O-016,nao_perecivel,24.9,2025-12-04 14:13:00,2025-12-09 14:13:00,0.0,expirado
P-00392,O-041,padaria,16.4,2025-12-05 22:41:00,2025-12-09 22:41:00,16.4,atendido
P-00393,O-006,preparado,36.3,2025-12-06 12:56:00,2025-12-10 12:56:00,0.0,expirado
P-00394,O-015,padaria,19.3,2025-12-07 09:24:00,2025-12-11 09:24:00,0.0,expirado
P-00395,O-048,hortifruti,7.7,2025-12-08 09:19:00,2025-12-15 09:19:00,7.7,atendido
P-00396,O-006,hortifruti,14.7,2025-12-08 14:49:00,2025-12-14 14:49:00,0.0,expirado
P-00397,O-033,nao_perecivel,10.4,2025-12-08 15:55:00,2025-12-11 15:55:00,0.0,expirado
P-00398,O-022,preparado,35.8,2025-12-08 19:32:00,2025-12-14 19:32:00,35.8,atendido
P-00399,O-014,refrigerado,21.5,2025-12-08 21:08:00,2025-12-11 21:08:00,0.0,expirado
P-00400,O-020,refrigerado,50.9,2025-12-09 09:45:00,2025-12-15 09:45:00,16.4,parcial
P-00401,O-054,nao_perecivel,19.8,2025-12-09 10:04:00,2025-12-16 10:04:00,16.5,parcial
P-00402,O-044,hortifruti,23.1,2025-12-09 11:32:00,2025-12-12 11:32:00,23.1,atendido
P-00403,O-051,hortifruti,16.8,2025-12-09 12:47:00,2025-12-12 12:47:00,16.8,atendido
P-00404,O-050,nao_perecivel,52.9,2025-12-09 14:51:00,2025-12-13 14:51:00,4.8,parcial
P-00405,O-031,nao_perecivel,85.7,2025-12-10 10:28:00,2025-12-15 10:28:00,0.0,expirado
P-00406,O-044,hortifruti,23.6,2025-12-10 12:46:00,2025-12-17 12:46:00,0.0,expirado
P-00407,O-026,nao_perecivel,14.9,2025-12-10 13:27:00,2025-12-17 13:27:00,14.9,atendido
P-00408,O-057,nao_perecivel,16.8,2025-12-10 13:28:00,2025-12-15 13:28:00,16.8,atendido
P-00409,O-040,preparado,34.8,2025-12-10 22:25:00,2025-12-17 22:25:00,34.8,atendido
P-00410,O-055,nao_perecivel,14.2,2025-12-10 22:30:00,2025-12-15 22:30:00,0.0,expirado
P-00411,O-016,hortifruti,15.8,2025-12-11 16:11:00,2025-12-14 16:11:00,15.8,atendido
P-00412,O-023,hortifruti,28.1,2025-12-12 07:21:00,2025-12-19 07:21:00,22.4,parcial
P-00413,O-031,hortifruti,145.8,2025-12-12 08:31:00,2025-12-16 08:31:00,0.0,expirado
P-00414,O-043,hortifruti,11.1,2025-12-12 08:32:00,2025-12-16 08:32:00,11.1,atendido
P-00415,O-032,nao_perecivel,44.7,2025-12-12 12:14:00,2025-12-18 12:14:00,44.7,atendido
P-00416,O-014,padaria,33.0,2025-12-12 20:42:00,2025-12-17 20:42:00,4.2,parcial
P-00417,O-021,padaria,26.9,2025-12-13 07:13:00,2025-12-20 07:13:00,5.6,parcial
P-00418,O-002,hortifruti,48.0,2025-12-13 09:23:00,2025-12-20 09:23:00,35.6,parcial
P-00419,O-011,padaria,9.8,2025-12-13 11:03:00,2025-12-17 11:03:00,0.0,expirado
P-00420,O-003,refrigerado,38.0,2025-12-13 13:20:00,2025-12-17 13:20:00,8.2,parcial
P-00421,O-028,hortifruti,13.5,2025-12-13 15:16:00,2025-12-17 15:16:00,13.5,atendido
P-00422,O-034,nao_perecivel,22.2,2025-12-13 15:46:00,2025-12-17 15:46:00,0.0,expirado
P-00423,O-010,nao_perecivel,94.1,2025-12-14 10:03:00,2025-12-19 10:03:00,32.5,parcial
P-00424,O-042,hortifruti,17.5,2025-12-14 17:42:00,2025-12-19 17:42:00,17.5,atendido
P-00425,O-050,nao_perecivel,65.4,2025-12-15 11:09:00,2025-12-19 11:09:00,28.3,parcial
P-00426,O-025,hortifruti,82.8,2025-12-16 11:55:00,2025-12-21 11:55:00,82.8,atendido
P-00427,O-036,hortifruti,22.0,2025-12-16 13:21:00,2025-12-21 13:21:00,12.9,parcial
P-00428,O-023,nao_perecivel,27.8,2025-12-17 11:30:00,2025-12-23 11:30:00,27.8,atendido
P-00429,O-017,hortifruti,72.7,2025-12-17 13:39:00,2025-12-22 13:39:00,72.7,atendido
P-00430,O-020,congelado,32.1,2025-12-17 13:50:00,2025-12-21 13:50:00,0.0,expirado
P-00431,O-058,nao_perecivel,26.9,2025-12-17 15:52:00,2025-12-21 15:52:00,26.9,atendido
P-00432,O-022,nao_perecivel,33.2,2025-12-17 18:12:00,2025-12-22 18:12:00,8.3,parcial
P-00433,O-014,hortifruti,17.4,2025-12-17 22:01:00,2025-12-23 22:01:00,17.4,atendido
P-00434,O-055,nao_perecivel,30.2,2025-12-18 10:18:00,2025-12-25 10:18:00,28.5,parcial
P-00435,O-058,hortifruti,24.4,2025-12-18 11:25:00,2025-12-25 11:25:00,24.4,atendido
P-00436,O-045,congelado,142.1,2025-12-18 14:12:00,2025-12-25 14:12:00,142.1,atendido
P-00437,O-022,hortifruti,23.4,2025-12-18 15:15:00,2025-12-24 15:15:00,23.4,atendido
P-00438,O-015,refrigerado,18.6,2025-12-18 15:51:00,2025-12-24 15:51:00,0.0,expirado
P-00439,O-041,nao_perecivel,6.0,2025-12-18 19:53:00,2025-12-25 19:53:00,5.3,parcial
P-00440,O-058,preparado,29.3,2025-12-20 08:36:00,2025-12-25 08:36:00,0.0,expirado
P-00441,O-043,nao_perecivel,25.6,2025-12-20 16:11:00,2025-12-24 16:11:00,0.0,expirado
P-00442,O-006,nao_perecivel,35.5,2025-12-21 14:08:00,2025-12-24 14:08:00,0.0,expirado
P-00443,O-020,preparado,19.6,2025-12-21 21:55:00,2025-12-27 21:55:00,19.6,atendido
P-00444,O-052,nao_perecivel,61.9,2025-12-21 22:55:00,2025-12-24 22:55:00,61.9,atendido
P-00445,O-027,nao_perecivel,38.3,2025-12-22 13:00:00,2025-12-26 13:00:00,38.3,atendido
P-00446,O-031,hortifruti,59.8,2025-12-23 09:28:00,2025-12-27 09:28:00,59.8,atendido
P-00447,O-013,hortifruti,110.5,2025-12-23 13:31:00,2025-12-29 13:31:00,110.5,atendido
P-00448,O-012,nao_perecivel,32.9,2025-12-23 14:32:00,2025-12-29 14:32:00,32.9,atendido
P-00449,O-004,nao_perecivel,19.7,2025-12-23 15:43:00,2025-12-26 15:43:00,0.0,expirado
P-00450,O-006,preparado,25.3,2025-12-23 16:12:00,2025-12-29 16:12:00,0.0,expirado
P-00451,O-058,nao_perecivel,33.1,2025-12-23 16:38:00,2025-12-26 16:38:00,33.1,atendido
P-00452,O-007,hortifruti,53.2,2025-12-24 08:07:00,2025-12-27 08:07:00,0.0,expirado
P-00453,O-046,hortifruti,26.2,2025-12-24 15:57:00,2025-12-27 15:57:00,26.2,atendido
P-00454,O-033,hortifruti,23.8,2025-12-24 16:14:00,2025-12-31 16:14:00,23.8,atendido
P-00455,O-013,hortifruti,45.3,2025-12-25 09:01:00,2025-12-31 09:01:00,45.3,atendido
P-00456,O-027,hortifruti,16.6,2025-12-26 09:39:00,2025-12-31 09:39:00,16.6,atendido
P-00457,O-017,nao_perecivel,81.6,2025-12-26 10:34:00,2025-12-31 10:34:00,81.6,atendido
P-00458,O-045,congelado,90.8,2025-12-26 11:45:00,2026-01-02 11:45:00,90.8,atendido
P-00459,O-011,hortifruti,15.1,2025-12-27 08:17:00,2025-12-31 08:17:00,0.0,expirado
P-00460,O-009,nao_perecivel,10.1,2025-12-27 09:29:00,2026-01-01 09:29:00,0.0,expirado
P-00461,O-022,nao_perecivel,37.4,2025-12-27 16:43:00,2025-12-31 16:43:00,1.4,parcial
P-00462,O-059,hortifruti,39.4,2025-12-27 18:01:00,2026-01-02 18:01:00,39.4,atendido
P-00463,O-026,nao_perecivel,16.6,2025-12-28 11:07:00,2026-01-02 11:07:00,16.6,atendido
P-00464,O-024,padaria,90.7,2025-12-28 13:03:00,2026-01-03 13:03:00,16.4,parcial
P-00465,O-013,hortifruti,97.1,2025-12-28 13:49:00,2026-01-03 13:49:00,58.8,parcial
P-00466,O-041,nao_perecivel,8.5,2025-12-28 14:37:00,2026-01-02 14:37:00,8.5,atendido
P-00467,O-042,nao_perecivel,31.9,2025-12-29 17:32:00,2026-01-01 17:32:00,0.0,expirado
P-00468,O-031,padaria,100.9,2025-12-30 13:15:00,2026-01-05 13:15:00,0.0,expirado
P-00469,O-057,refrigerado,15.9,2025-12-31 08:20:00,2026-01-05 08:20:00,11.7,parcial
P-00470,O-015,hortifruti,15.6,2025-12-31 09:57:00,2026-01-04 09:57:00,0.0,expirado
P-00471,O-003,preparado,61.0,2025-12-31 12:09:00,2026-01-06 12:09:00,7.0,parcial
P-00472,O-046,nao_perecivel,32.9,2026-01-01 09:25:00,2026-01-08 09:25:00,0.0,expirado
P-00473,O-048,nao_perecivel,7.8,2026-01-01 17:44:00,2026-01-05 17:44:00,0.0,expirado
P-00474,O-027,hortifruti,18.3,2026-01-02 10:47:00,2026-01-09 10:47:00,10.2,parcial
P-00475,O-014,nao_perecivel,28.0,2026-01-02 11:06:00,2026-01-08 11:06:00,5.3,parcial
P-00476,O-003,padaria,62.9,2026-01-02 14:22:00,2026-01-05 14:22:00,8.8,parcial
P-00477,O-046,hortifruti,43.2,2026-01-02 15:17:00,2026-01-05 15:17:00,43.2,atendido
P-00478,O-002,hortifruti,55.6,2026-01-02 15:50:00,2026-01-08 15:50:00,0.0,expirado
P-00479,O-021,nao_perecivel,25.7,2026-01-02 16:11:00,2026-01-07 16:11:00,16.2,parcial
P-00480,O-042,nao_perecivel,37.3,2026-01-02 19:23:00,2026-01-09 19:23:00,26.2,parcial
P-00481,O-036,nao_perecivel,14.1,2026-01-03 11:00:00,2026-01-09 11:00:00,0.0,expirado
P-00482,O-002,padaria,35.2,2026-01-03 12:04:00,2026-01-10 12:04:00,15.7,parcial
P-00483,O-054,hortifruti,35.0,2026-01-03 13:46:00,2026-01-07 13:46:00,0.0,expirado
P-00484,O-032,nao_perecivel,34.0,2026-01-04 08:37:00,2026-01-09 08:37:00,23.1,parcial
P-00485,O-046,nao_perecivel,39.2,2026-01-04 10:44:00,2026-01-07 10:44:00,0.0,expirado
P-00486,O-036,hortifruti,18.2,2026-01-04 16:22:00,2026-01-07 16:22:00,16.5,parcial
P-00487,O-025,hortifruti,36.3,2026-01-05 08:40:00,2026-01-09 08:40:00,36.3,atendido
P-00488,O-024,nao_perecivel,47.6,2026-01-05 12:46:00,2026-01-12 12:46:00,27.7,parcial
P-00489,O-055,padaria,14.3,2026-01-05 20:24:00,2026-01-08 20:24:00,0.0,expirado
P-00490,O-026,padaria,15.4,2026-01-05 21:54:00,2026-01-12 21:54:00,15.4,atendido
P-00491,O-029,hortifruti,115.1,2026-01-06 08:27:00,2026-01-10 08:27:00,22.5,parcial
P-00492,O-021,hortifruti,23.3,2026-01-06 12:45:00,2026-01-09 12:45:00,0.0,expirado
P-00493,O-002,preparado,51.7,2026-01-06 13:53:00,2026-01-13 13:53:00,48.3,parcial
P-00494,O-060,hortifruti,22.7,2026-01-06 15:00:00,2026-01-12 15:00:00,0.0,expirado
P-00495,O-020,hortifruti,32.9,2026-01-06 19:56:00,2026-01-12 19:56:00,32.9,atendido
P-00496,O-014,hortifruti,44.0,2026-01-07 11:05:00,2026-01-10 11:05:00,44.0,atendido
P-00497,O-054,nao_perecivel,15.3,2026-01-07 15:37:00,2026-01-12 15:37:00,6.8,parcial
P-00498,O-046,nao_perecivel,49.2,2026-01-08 10:58:00,2026-01-13 10:58:00,0.0,expirado
P-00499,O-048,nao_perecivel,7.0,2026-01-08 16:45:00,2026-01-14 16:45:00,0.0,expirado
P-00500,O-058,hortifruti,17.5,2026-01-09 08:57:00,2026-01-16 08:57:00,17.5,atendido
P-00501,O-037,padaria,32.5,2026-01-09 09:27:00,2026-01-14 09:27:00,8.5,parcial
P-00502,O-048,nao_perecivel,12.9,2026-01-09 10:38:00,2026-01-16 10:38:00,0.0,expirado
P-00503,O-042,hortifruti,32.1,2026-01-09 13:12:00,2026-01-15 13:12:00,32.1,atendido
P-00504,O-012,refrigerado,40.2,2026-01-09 15:09:00,2026-01-16 15:09:00,16.9,parcial
P-00505,O-022,hortifruti,19.3,2026-01-09 16:54:00,2026-01-16 16:54:00,0.0,expirado
P-00506,O-031,nao_perecivel,74.4,2026-01-10 12:18:00,2026-01-17 12:18:00,64.7,parcial
P-00507,O-022,nao_perecivel,32.5,2026-01-10 13:19:00,2026-01-14 13:19:00,10.9,parcial
P-00508,O-041,preparado,11.5,2026-01-10 14:22:00,2026-01-13 14:22:00,0.0,expirado
P-00509,O-016,nao_perecivel,17.5,2026-01-10 16:45:00,2026-01-13 16:45:00,0.0,expirado
P-00510,O-045,hortifruti,96.7,2026-01-11 13:38:00,2026-01-15 13:38:00,96.7,atendido
P-00511,O-055,hortifruti,30.0,2026-01-11 14:41:00,2026-01-17 14:41:00,18.0,parcial
P-00512,O-036,nao_perecivel,15.7,2026-01-11 15:50:00,2026-01-17 15:50:00,0.0,expirado
P-00513,O-058,nao_perecivel,22.4,2026-01-13 10:13:00,2026-01-19 10:13:00,22.4,atendido
P-00514,O-059,preparado,26.5,2026-01-13 13:19:00,2026-01-19 13:19:00,0.0,expirado
P-00515,O-048,nao_perecivel,8.1,2026-01-13 15:59:00,2026-01-20 15:59:00,0.0,expirado
P-00516,O-030,padaria,18.3,2026-01-13 16:31:00,2026-01-20 16:31:00,0.0,expirado
P-00517,O-018,refrigerado,7.7,2026-01-13 17:16:00,2026-01-18 17:16:00,0.0,expirado
P-00518,O-022,hortifruti,23.7,2026-01-13 20:08:00,2026-01-18 20:08:00,23.7,atendido
P-00519,O-019,hortifruti,47.1,2026-01-14 16:32:00,2026-01-17 16:32:00,0.0,expirado
P-00520,O-008,padaria,57.7,2026-01-14 16:46:00,2026-01-21 16:46:00,16.4,parcial
P-00521,O-010,nao_perecivel,63.2,2026-01-14 17:02:00,2026-01-20 17:02:00,63.2,atendido
P-00522,O-011,nao_perecivel,9.1,2026-01-15 09:06:00,2026-01-22 09:06:00,0.0,expirado
P-00523,O-003,hortifruti,21.1,2026-01-15 09:29:00,2026-01-18 09:29:00,4.3,parcial
P-00524,O-016,preparado,11.4,2026-01-15 11:26:00,2026-01-18 11:26:00,0.0,expirado
P-00525,O-040,refrigerado,28.6,2026-01-15 17:14:00,2026-01-19 17:14:00,28.6,atendido
P-00526,O-020,nao_perecivel,23.9,2026-01-15 22:12:00,2026-01-21 22:12:00,23.9,atendido
P-00527,O-046,nao_perecivel,44.9,2026-01-16 10:22:00,2026-01-20 10:22:00,21.3,parcial
P-00528,O-054,congelado,37.0,2026-01-16 11:27:00,2026-01-20 11:27:00,0.0,expirado
P-00529,O-036,preparado,19.4,2026-01-16 16:50:00,2026-01-21 16:50:00,10.7,parcial
P-00530,O-015,hortifruti,15.0,2026-01-17 09:20:00,2026-01-24 09:20:00,0.0,expirado
P-00531,O-036,preparado,28.0,2026-01-18 08:26:00,2026-01-23 08:26:00,0.0,expirado
P-00532,O-039,nao_perecivel,19.3,2026-01-18 11:38:00,2026-01-24 11:38:00,0.0,expirado
P-00533,O-032,preparado,36.3,2026-01-18 12:07:00,2026-01-25 12:07:00,0.0,expirado
P-00534,O-031,nao_perecivel,137.1,2026-01-19 09:42:00,2026-01-22 09:42:00,20.3,parcial
P-00535,O-045,padaria,112.8,2026-01-19 11:37:00,2026-01-25 11:37:00,9.0,parcial
P-00536,O-006,padaria,12.0,2026-01-19 16:04:00,2026-01-25 16:04:00,0.0,expirado
P-00537,O-043,refrigerado,15.9,2026-01-19 16:22:00,2026-01-23 16:22:00,0.0,expirado
P-00538,O-057,preparado,40.4,2026-01-19 19:12:00,2026-01-23 19:12:00,0.0,expirado
P-00539,O-043,nao_perecivel,13.5,2026-01-20 11:45:00,2026-01-27 11:45:00,0.0,expirado
P-00540,O-041,nao_perecivel,19.3,2026-01-20 21:21:00,2026-01-25 21:21:00,0.0,expirado
P-00541,O-037,preparado,49.8,2026-01-21 07:19:00,2026-01-25 07:19:00,0.0,expirado
P-00542,O-014,hortifruti,21.6,2026-01-21 15:27:00,2026-01-25 15:27:00,21.6,atendido
P-00543,O-018,nao_perecivel,9.6,2026-01-21 15:56:00,2026-01-26 15:56:00,0.0,expirado
P-00544,O-015,nao_perecivel,20.5,2026-01-22 15:14:00,2026-01-26 15:14:00,0.0,expirado
P-00545,O-052,preparado,95.4,2026-01-22 18:31:00,2026-01-27 18:31:00,19.1,parcial
P-00546,O-029,hortifruti,113.6,2026-01-23 07:56:00,2026-01-30 07:56:00,113.6,atendido
P-00547,O-016,nao_perecivel,27.8,2026-01-23 11:32:00,2026-01-27 11:32:00,0.0,expirado
P-00548,O-034,nao_perecivel,18.6,2026-01-23 14:54:00,2026-01-27 14:54:00,0.0,expirado
P-00549,O-019,nao_perecivel,65.1,2026-01-23 15:44:00,2026-01-30 15:44:00,65.1,atendido
P-00550,O-008,hortifruti,55.8,2026-01-23 19:42:00,2026-01-30 19:42:00,0.0,expirado
P-00551,O-037,refrigerado,19.3,2026-01-23 20:18:00,2026-01-30 20:18:00,19.3,atendido
P-00552,O-059,congelado,31.2,2026-01-24 08:58:00,2026-01-29 08:58:00,0.0,expirado
P-00553,O-034,hortifruti,25.5,2026-01-24 15:28:00,2026-01-29 15:28:00,0.0,expirado
P-00554,O-043,nao_perecivel,21.4,2026-01-25 12:12:00,2026-01-30 12:12:00,0.0,expirado
P-00555,O-009,nao_perecivel,7.3,2026-01-25 15:01:00,2026-01-28 15:01:00,7.3,atendido
P-00556,O-041,nao_perecivel,11.7,2026-01-25 18:20:00,2026-02-01 18:20:00,6.1,parcial
P-00557,O-008,preparado,75.9,2026-01-25 22:38:00,2026-02-01 22:38:00,0.0,expirado
P-00558,O-024,padaria,79.7,2026-01-26 10:10:00,2026-02-02 10:10:00,0.0,expirado
P-00559,O-004,hortifruti,16.1,2026-01-26 15:42:00,2026-02-02 15:42:00,16.1,atendido
P-00560,O-002,hortifruti,35.5,2026-01-27 07:27:00,2026-01-31 07:27:00,31.2,parcial
P-00561,O-006,nao_perecivel,29.3,2026-01-27 15:52:00,2026-01-31 15:52:00,0.0,expirado
P-00562,O-031,nao_perecivel,152.2,2026-01-27 17:14:00,2026-02-03 17:14:00,0.0,expirado
P-00563,O-040,hortifruti,25.0,2026-01-27 17:17:00,2026-01-31 17:17:00,25.0,atendido
P-00564,O-008,hortifruti,50.1,2026-01-28 07:51:00,2026-02-03 07:51:00,0.0,expirado
P-00565,O-011,padaria,10.2,2026-01-28 09:27:00,2026-02-04 09:27:00,0.0,expirado
P-00566,O-006,nao_perecivel,12.4,2026-01-28 13:01:00,2026-02-01 13:01:00,0.0,expirado
P-00567,O-057,nao_perecivel,36.0,2026-01-29 07:46:00,2026-02-05 07:46:00,36.0,atendido
P-00568,O-007,nao_perecivel,40.7,2026-01-29 11:25:00,2026-02-03 11:25:00,40.7,atendido
P-00569,O-022,preparado,17.4,2026-01-29 20:19:00,2026-02-05 20:19:00,17.4,atendido
P-00570,O-032,hortifruti,31.5,2026-01-30 08:15:00,2026-02-02 08:15:00,0.0,expirado
P-00571,O-043,nao_perecivel,11.3,2026-01-30 15:24:00,2026-02-05 15:24:00,0.0,expirado
P-00572,O-025,hortifruti,62.7,2026-01-31 12:17:00,2026-02-04 12:17:00,53.3,parcial
P-00573,O-045,padaria,140.1,2026-01-31 14:13:00,2026-02-06 14:13:00,50.8,parcial
P-00574,O-009,nao_perecivel,19.0,2026-02-01 07:05:00,2026-02-06 07:05:00,0.0,expirado
P-00575,O-032,hortifruti,35.9,2026-02-01 10:05:00,2026-02-08 10:05:00,17.1,parcial
P-00576,O-005,nao_perecivel,27.2,2026-02-01 10:49:00,2026-02-08 10:49:00,27.2,atendido
P-00577,O-015,nao_perecivel,23.4,2026-02-01 12:02:00,2026-02-05 12:02:00,0.0,expirado
P-00578,O-055,nao_perecivel,28.8,2026-02-01 12:28:00,2026-02-05 12:28:00,28.8,atendido
P-00579,O-011,hortifruti,16.6,2026-02-01 12:30:00,2026-02-05 12:30:00,14.8,parcial
P-00580,O-030,hortifruti,14.4,2026-02-01 12:48:00,2026-02-06 12:48:00,0.0,expirado
P-00581,O-018,hortifruti,14.4,2026-02-02 08:24:00,2026-02-08 08:24:00,11.2,parcial
P-00582,O-006,padaria,14.2,2026-02-02 08:50:00,2026-02-08 08:50:00,0.0,expirado
P-00583,O-054,nao_perecivel,43.1,2026-02-02 09:27:00,2026-02-09 09:27:00,43.1,atendido
P-00584,O-033,hortifruti,14.2,2026-02-02 15:12:00,2026-02-07 15:12:00,14.2,atendido
P-00585,O-015,refrigerado,20.3,2026-02-03 13:17:00,2026-02-09 13:17:00,0.0,expirado
P-00586,O-003,padaria,39.7,2026-02-03 16:07:00,2026-02-06 16:07:00,0.0,expirado
P-00587,O-030,nao_perecivel,20.2,2026-02-03 20:00:00,2026-02-10 20:00:00,20.2,atendido
P-00588,O-057,nao_perecivel,37.8,2026-02-04 07:17:00,2026-02-11 07:17:00,0.0,expirado
P-00589,O-023,padaria,18.9,2026-02-04 07:46:00,2026-02-11 07:46:00,18.9,atendido
P-00590,O-009,nao_perecivel,18.6,2026-02-04 18:58:00,2026-02-11 18:58:00,0.0,expirado
P-00591,O-037,nao_perecivel,60.6,2026-02-05 07:54:00,2026-02-09 07:54:00,60.6,atendido
P-00592,O-059,hortifruti,19.5,2026-02-05 12:46:00,2026-02-08 12:46:00,19.5,atendido
P-00593,O-054,padaria,35.4,2026-02-05 13:00:00,2026-02-09 13:00:00,0.0,expirado
P-00594,O-029,nao_perecivel,80.9,2026-02-05 16:07:00,2026-02-12 16:07:00,63.0,parcial
P-00595,O-055,hortifruti,24.7,2026-02-05 19:19:00,2026-02-10 19:19:00,24.7,atendido
P-00596,O-032,padaria,25.0,2026-02-06 10:12:00,2026-02-11 10:12:00,0.0,expirado
P-00597,O-024,preparado,33.3,2026-02-06 11:08:00,2026-02-09 11:08:00,21.0,parcial
P-00598,O-033,nao_perecivel,15.4,2026-02-06 11:36:00,2026-02-11 11:36:00,15.4,atendido
P-00599,O-003,refrigerado,29.7,2026-02-06 16:21:00,2026-02-13 16:21:00,0.0,expirado
P-00600,O-002,nao_perecivel,45.9,2026-02-07 09:34:00,2026-02-12 09:34:00,0.0,expirado
P-00601,O-032,nao_perecivel,25.9,2026-02-07 09:51:00,2026-02-13 09:51:00,25.9,atendido
P-00602,O-041,nao_perecivel,6.4,2026-02-07 14:06:00,2026-02-10 14:06:00,0.0,expirado
P-00603,O-044,nao_perecivel,33.0,2026-02-07 14:12:00,2026-02-10 14:12:00,0.0,expirado
P-00604,O-015,refrigerado,18.4,2026-02-07 14:24:00,2026-02-11 14:24:00,0.0,expirado
P-00605,O-029,nao_perecivel,105.0,2026-02-08 08:19:00,2026-02-12 08:19:00,0.0,expirado
P-00606,O-042,nao_perecivel,11.8,2026-02-08 15:05:00,2026-02-14 15:05:00,11.8,atendido
P-00607,O-017,preparado,90.7,2026-02-09 12:54:00,2026-02-16 12:54:00,3.6,parcial
P-00608,O-006,nao_perecivel,19.1,2026-02-09 14:41:00,2026-02-16 14:41:00,19.1,atendido
P-00609,O-020,nao_perecivel,28.5,2026-02-09 21:08:00,2026-02-12 21:08:00,26.1,parcial
P-00610,O-039,preparado,18.3,2026-02-10 07:48:00,2026-02-14 07:48:00,18.3,atendido
P-00611,O-003,preparado,44.9,2026-02-10 10:00:00,2026-02-14 10:00:00,44.9,atendido
P-00612,O-004,nao_perecivel,41.2,2026-02-10 11:56:00,2026-02-15 11:56:00,29.2,parcial
P-00613,O-005,padaria,59.6,2026-02-10 15:54:00,2026-02-16 15:54:00,0.0,expirado
P-00614,O-006,preparado,19.3,2026-02-11 12:08:00,2026-02-14 12:08:00,0.0,expirado
P-00615,O-052,padaria,57.4,2026-02-11 21:55:00,2026-02-16 21:55:00,0.0,expirado
P-00616,O-011,preparado,18.6,2026-02-12 08:36:00,2026-02-17 08:36:00,0.0,expirado
P-00617,O-058,nao_perecivel,37.6,2026-02-12 12:30:00,2026-02-18 12:30:00,37.6,atendido
P-00618,O-034,nao_perecivel,30.0,2026-02-12 12:51:00,2026-02-18 12:51:00,0.0,expirado
P-00619,O-023,nao_perecivel,11.7,2026-02-12 13:27:00,2026-02-18 13:27:00,6.5,parcial
P-00620,O-036,nao_perecivel,21.5,2026-02-12 16:38:00,2026-02-15 16:38:00,0.0,expirado
P-00621,O-041,nao_perecivel,9.3,2026-02-12 17:14:00,2026-02-19 17:14:00,9.3,atendido
P-00622,O-048,nao_perecivel,20.4,2026-02-12 17:30:00,2026-02-17 17:30:00,0.0,expirado
P-00623,O-019,hortifruti,58.2,2026-02-12 17:31:00,2026-02-18 17:31:00,0.0,expirado
P-00624,O-040,preparado,23.8,2026-02-13 09:53:00,2026-02-18 09:53:00,23.8,atendido
P-00625,O-054,nao_perecivel,47.8,2026-02-13 09:55:00,2026-02-17 09:55:00,8.6,parcial
P-00626,O-021,nao_perecivel,24.6,2026-02-13 10:09:00,2026-02-20 10:09:00,0.0,expirado
P-00627,O-010,nao_perecivel,37.2,2026-02-13 11:50:00,2026-02-19 11:50:00,37.2,atendido
P-00628,O-034,nao_perecivel,16.7,2026-02-13 13:17:00,2026-02-19 13:17:00,0.0,expirado
P-00629,O-039,padaria,15.1,2026-02-13 17:15:00,2026-02-16 17:15:00,0.0,expirado
P-00630,O-051,nao_perecivel,19.9,2026-02-14 09:46:00,2026-02-18 09:46:00,19.9,atendido
P-00631,O-043,nao_perecivel,17.8,2026-02-14 10:43:00,2026-02-18 10:43:00,0.0,expirado
P-00632,O-060,refrigerado,24.8,2026-02-14 11:39:00,2026-02-18 11:39:00,0.0,expirado
P-00633,O-003,refrigerado,39.7,2026-02-14 12:08:00,2026-02-21 12:08:00,9.1,parcial
P-00634,O-049,preparado,33.0,2026-02-14 12:43:00,2026-02-21 12:43:00,24.2,parcial
P-00635,O-058,nao_perecivel,23.0,2026-02-14 12:56:00,2026-02-21 12:56:00,10.6,parcial
P-00636,O-039,padaria,13.5,2026-02-14 13:57:00,2026-02-18 13:57:00,13.2,parcial
P-00637,O-012,preparado,39.5,2026-02-14 19:45:00,2026-02-18 19:45:00,26.8,parcial
P-00638,O-007,padaria,76.1,2026-02-15 08:02:00,2026-02-21 08:02:00,0.0,expirado
P-00639,O-036,padaria,25.6,2026-02-15 08:49:00,2026-02-21 08:49:00,15.0,parcial
P-00640,O-015,hortifruti,19.0,2026-02-15 10:35:00,2026-02-18 10:35:00,0.0,expirado
P-00641,O-022,padaria,22.0,2026-02-15 19:56:00,2026-02-21 19:56:00,22.0,atendido
P-00642,O-048,padaria,15.4,2026-02-16 08:13:00,2026-02-22 08:13:00,15.4,atendido
P-00643,O-039,nao_perecivel,11.3,2026-02-16 09:19:00,2026-02-21 09:19:00,10.8,parcial
P-00644,O-033,nao_perecivel,15.7,2026-02-16 10:06:00,2026-02-22 10:06:00,15.7,atendido
P-00645,O-045,preparado,81.0,2026-02-16 10:10:00,2026-02-21 10:10:00,24.8,parcial
P-00646,O-019,nao_perecivel,103.5,2026-02-16 10:52:00,2026-02-21 10:52:00,103.5,atendido
P-00647,O-009,nao_perecivel,9.3,2026-02-16 19:48:00,2026-02-23 19:48:00,4.8,parcial
P-00648,O-009,hortifruti,16.7,2026-02-17 10:27:00,2026-02-20 10:27:00,16.7,atendido
P-00649,O-027,nao_perecivel,37.0,2026-02-17 11:09:00,2026-02-22 11:09:00,37.0,atendido
P-00650,O-001,refrigerado,24.4,2026-02-17 13:46:00,2026-02-23 13:46:00,0.0,expirado
P-00651,O-042,nao_perecivel,37.1,2026-02-17 14:52:00,2026-02-21 14:52:00,0.0,expirado
P-00652,O-037,hortifruti,23.0,2026-02-17 16:54:00,2026-02-23 16:54:00,0.0,expirado
P-00653,O-010,nao_perecivel,122.6,2026-02-18 16:54:00,2026-02-24 16:54:00,0.0,expirado
P-00654,O-036,nao_perecivel,27.9,2026-02-19 09:51:00,2026-02-22 09:51:00,0.0,expirado
P-00655,O-018,refrigerado,11.5,2026-02-19 11:03:00,2026-02-24 11:03:00,4.5,parcial
P-00656,O-015,nao_perecivel,11.9,2026-02-19 11:19:00,2026-02-26 11:19:00,3.7,parcial
P-00657,O-046,preparado,27.2,2026-02-19 11:42:00,2026-02-26 11:42:00,0.0,expirado
P-00658,O-004,congelado,27.8,2026-02-19 12:17:00,2026-02-22 12:17:00,0.0,expirado
P-00659,O-011,hortifruti,15.7,2026-02-19 15:00:00,2026-02-22 15:00:00,14.2,parcial
P-00660,O-042,hortifruti,32.5,2026-02-19 18:33:00,2026-02-26 18:33:00,10.2,parcial
P-00661,O-036,congelado,20.1,2026-02-20 08:56:00,2026-02-26 08:56:00,0.0,expirado
P-00662,O-060,preparado,29.9,2026-02-20 14:18:00,2026-02-26 14:18:00,27.5,parcial
P-00663,O-059,padaria,23.2,2026-02-20 15:02:00,2026-02-25 15:02:00,23.2,atendido
P-00664,O-029,preparado,101.5,2026-02-20 17:23:00,2026-02-23 17:23:00,0.0,expirado
P-00665,O-042,refrigerado,24.2,2026-02-20 20:01:00,2026-02-26 20:01:00,24.2,atendido
P-00666,O-033,hortifruti,22.0,2026-02-21 10:07:00,2026-02-25 10:07:00,0.0,expirado
P-00667,O-026,nao_perecivel,14.2,2026-02-21 12:23:00,2026-02-26 12:23:00,0.0,expirado
P-00668,O-041,preparado,15.3,2026-02-21 15:47:00,2026-02-24 15:47:00,0.0,expirado
P-00669,O-057,refrigerado,21.2,2026-02-21 18:18:00,2026-02-28 18:18:00,4.1,parcial
P-00670,O-059,padaria,31.4,2026-02-22 07:38:00,2026-02-26 07:38:00,5.0,parcial
P-00671,O-002,nao_perecivel,30.5,2026-02-22 11:45:00,2026-02-27 11:45:00,0.0,expirado
P-00672,O-002,nao_perecivel,56.4,2026-02-23 10:52:00,2026-03-02 10:52:00,0.0,expirado
P-00673,O-014,nao_perecivel,29.2,2026-02-23 15:30:00,2026-02-26 15:30:00,29.2,atendido
P-00674,O-023,nao_perecivel,17.5,2026-02-23 20:59:00,2026-02-27 20:59:00,17.5,atendido
P-00675,O-016,padaria,27.4,2026-02-24 10:49:00,2026-03-02 10:49:00,0.0,expirado
P-00676,O-049,nao_perecivel,32.2,2026-02-24 15:36:00,2026-03-03 15:36:00,22.3,parcial
P-00677,O-050,padaria,58.9,2026-02-25 09:10:00,2026-03-02 09:10:00,25.7,parcial
P-00678,O-046,nao_perecivel,27.2,2026-02-25 13:05:00,2026-03-01 13:05:00,5.7,parcial
P-00679,O-016,nao_perecivel,11.7,2026-02-25 14:19:00,2026-03-01 14:19:00,11.7,atendido
P-00680,O-018,padaria,6.9,2026-02-26 11:34:00,2026-03-05 11:34:00,6.9,atendido
P-00681,O-058,padaria,27.5,2026-02-26 11:40:00,2026-03-04 11:40:00,2.9,parcial
P-00682,O-028,hortifruti,11.8,2026-02-26 12:34:00,2026-03-01 12:34:00,9.5,parcial
P-00683,O-025,padaria,73.7,2026-02-26 17:05:00,2026-03-03 17:05:00,31.9,parcial
P-00684,O-031,preparado,50.4,2026-02-26 17:48:00,2026-03-02 17:48:00,0.0,expirado
P-00685,O-011,nao_perecivel,13.6,2026-02-27 10:37:00,2026-03-03 10:37:00,0.0,expirado
P-00686,O-012,congelado,12.9,2026-02-27 14:25:00,2026-03-02 14:25:00,0.0,expirado
P-00687,O-054,nao_perecivel,38.3,2026-03-01 10:56:00,2026-03-06 10:56:00,0.0,expirado
P-00688,O-033,preparado,11.7,2026-03-01 16:56:00,2026-03-07 16:56:00,0.0,expirado
P-00689,O-048,nao_perecivel,6.3,2026-03-01 19:02:00,2026-03-07 19:02:00,0.0,expirado
P-00690,O-011,nao_perecivel,19.0,2026-03-02 11:36:00,2026-03-07 11:36:00,7.9,parcial
P-00691,O-025,padaria,28.8,2026-03-02 16:58:00,2026-03-05 16:58:00,3.5,parcial
P-00692,O-057,preparado,37.8,2026-03-02 18:15:00,2026-03-08 18:15:00,9.1,parcial
P-00693,O-052,padaria,59.3,2026-03-02 19:43:00,2026-03-08 19:43:00,0.0,expirado
P-00694,O-007,nao_perecivel,41.7,2026-03-03 08:35:00,2026-03-06 08:35:00,0.0,expirado
P-00695,O-009,nao_perecivel,13.5,2026-03-03 11:00:00,2026-03-09 11:00:00,13.5,atendido
P-00696,O-041,hortifruti,15.7,2026-03-03 14:38:00,2026-03-06 14:38:00,0.0,expirado
P-00697,O-003,preparado,51.0,2026-03-03 17:27:00,2026-03-06 17:27:00,13.5,parcial
P-00698,O-026,nao_perecivel,10.2,2026-03-03 20:46:00,2026-03-07 20:46:00,0.0,expirado
P-00699,O-031,nao_perecivel,153.6,2026-03-04 15:36:00,2026-03-08 15:36:00,0.0,expirado
P-00700,O-050,refrigerado,30.0,2026-03-04 17:34:00,2026-03-09 17:34:00,30.0,atendido
P-00701,O-041,nao_perecivel,7.5,2026-03-04 17:52:00,2026-03-11 17:52:00,0.0,expirado
P-00702,O-036,padaria,27.0,2026-03-04 19:40:00,2026-03-11 19:40:00,9.4,parcial
P-00703,O-025,padaria,73.0,2026-03-05 10:54:00,2026-03-12 10:54:00,73.0,atendido
P-00704,O-005,padaria,59.7,2026-03-05 12:50:00,2026-03-12 12:50:00,0.0,expirado
P-00705,O-014,nao_perecivel,27.3,2026-03-05 16:07:00,2026-03-08 16:07:00,27.3,atendido
P-00706,O-004,hortifruti,33.1,2026-03-05 17:43:00,2026-03-08 17:43:00,17.8,parcial
P-00707,O-043,hortifruti,16.6,2026-03-05 17:56:00,2026-03-10 17:56:00,0.0,expirado
P-00708,O-048,padaria,9.4,2026-03-05 18:33:00,2026-03-08 18:33:00,9.4,atendido
P-00709,O-008,congelado,32.5,2026-03-05 19:46:00,2026-03-11 19:46:00,0.0,expirado
P-00710,O-023,nao_perecivel,12.1,2026-03-05 20:55:00,2026-03-12 20:55:00,12.1,atendido
P-00711,O-043,nao_perecivel,27.5,2026-03-06 08:38:00,2026-03-10 08:38:00,0.0,expirado
P-00712,O-019,padaria,103.5,2026-03-06 10:49:00,2026-03-11 10:49:00,0.0,expirado
P-00713,O-015,nao_perecivel,7.6,2026-03-06 15:59:00,2026-03-13 15:59:00,0.0,expirado
P-00714,O-021,preparado,15.8,2026-03-06 17:55:00,2026-03-11 17:55:00,15.8,atendido
P-00715,O-037,nao_perecivel,28.6,2026-03-07 09:08:00,2026-03-13 09:08:00,28.6,atendido
P-00716,O-017,nao_perecivel,98.5,2026-03-07 12:42:00,2026-03-11 12:42:00,98.5,atendido
P-00717,O-005,padaria,29.8,2026-03-07 15:00:00,2026-03-13 15:00:00,0.0,expirado
P-00718,O-044,preparado,24.9,2026-03-08 09:44:00,2026-03-14 09:44:00,0.0,expirado
P-00719,O-037,nao_perecivel,48.4,2026-03-08 13:07:00,2026-03-14 13:07:00,0.0,expirado
P-00720,O-011,nao_perecivel,10.3,2026-03-08 13:11:00,2026-03-15 13:11:00,0.0,expirado
P-00721,O-052,refrigerado,59.6,2026-03-08 13:51:00,2026-03-14 13:51:00,0.0,expirado
P-00722,O-055,hortifruti,27.9,2026-03-08 13:53:00,2026-03-14 13:53:00,5.3,parcial
P-00723,O-043,hortifruti,34.4,2026-03-08 17:18:00,2026-03-11 17:18:00,0.0,expirado
P-00724,O-036,hortifruti,23.0,2026-03-08 17:54:00,2026-03-14 17:54:00,0.0,expirado
P-00725,O-012,hortifruti,15.5,2026-03-08 18:27:00,2026-03-11 18:27:00,0.0,expirado
P-00726,O-039,hortifruti,16.8,2026-03-09 08:37:00,2026-03-12 08:37:00,0.0,expirado
P-00727,O-018,hortifruti,10.5,2026-03-09 11:45:00,2026-03-14 11:45:00,6.1,parcial
P-00728,O-028,hortifruti,24.3,2026-03-09 13:29:00,2026-03-12 13:29:00,24.3,atendido
P-00729,O-041,nao_perecivel,12.6,2026-03-09 15:45:00,2026-03-12 15:45:00,4.6,parcial
P-00730,O-027,hortifruti,29.1,2026-03-09 16:11:00,2026-03-14 16:11:00,29.1,atendido
P-00731,O-059,padaria,37.5,2026-03-09 17:58:00,2026-03-15 17:58:00,34.0,parcial
P-00732,O-013,padaria,41.4,2026-03-09 20:42:00,2026-03-14 20:42:00,21.7,parcial
P-00733,O-020,preparado,43.0,2026-03-09 21:54:00,2026-03-13 21:54:00,39.2,parcial
P-00734,O-046,refrigerado,30.4,2026-03-10 09:29:00,2026-03-14 09:29:00,0.0,expirado
P-00735,O-019,hortifruti,71.6,2026-03-10 14:34:00,2026-03-13 14:34:00,54.2,parcial
P-00736,O-021,nao_perecivel,21.6,2026-03-10 14:52:00,2026-03-13 14:52:00,4.3,parcial
P-00737,O-037,hortifruti,50.7,2026-03-10 15:42:00,2026-03-13 15:42:00,0.0,expirado
P-00738,O-003,padaria,20.0,2026-03-10 17:01:00,2026-03-17 17:01:00,0.0,expirado
P-00739,O-023,refrigerado,21.0,2026-03-10 20:00:00,2026-03-13 20:00:00,5.9,parcial
P-00740,O-016,nao_perecivel,21.5,2026-03-11 11:00:00,2026-03-17 11:00:00,0.0,expirado
P-00741,O-015,hortifruti,23.7,2026-03-11 13:51:00,2026-03-18 13:51:00,23.3,parcial
P-00742,O-046,nao_perecivel,38.7,2026-03-11 15:36:00,2026-03-17 15:36:00,38.7,atendido
P-00743,O-059,preparado,32.9,2026-03-12 09:16:00,2026-03-17 09:16:00,27.3,parcial
P-00744,O-052,nao_perecivel,82.5,2026-03-12 09:21:00,2026-03-16 09:21:00,39.6,parcial
P-00745,O-044,nao_perecivel,15.7,2026-03-12 12:05:00,2026-03-18 12:05:00,0.0,expirado
P-00746,O-024,preparado,30.5,2026-03-12 16:06:00,2026-03-16 16:06:00,25.1,parcial
P-00747,O-048,nao_perecivel,8.3,2026-03-13 09:48:00,2026-03-19 09:48:00,0.0,expirado
P-00748,O-006,nao_perecivel,27.5,2026-03-13 10:31:00,2026-03-19 10:31:00,0.0,expirado
P-00749,O-041,nao_perecivel,17.9,2026-03-13 13:52:00,2026-03-20 13:52:00,3.5,parcial
P-00750,O-004,nao_perecivel,17.5,2026-03-13 16:25:00,2026-03-16 16:25:00,0.0,expirado
P-00751,O-013,hortifruti,85.9,2026-03-13 18:24:00,2026-03-16 18:24:00,0.0,expirado
P-00752,O-043,nao_perecivel,17.2,2026-03-14 11:02:00,2026-03-18 11:02:00,0.0,expirado
P-00753,O-027,padaria,32.0,2026-03-14 12:39:00,2026-03-17 12:39:00,0.0,expirado
P-00754,O-017,hortifruti,76.8,2026-03-14 22:40:00,2026-03-20 22:40:00,0.0,expirado
P-00755,O-049,nao_perecivel,32.0,2026-03-15 09:23:00,2026-03-21 09:23:00,0.0,expirado
P-00756,O-037,nao_perecivel,59.2,2026-03-15 09:58:00,2026-03-20 09:58:00,0.0,expirado
P-00757,O-021,nao_perecivel,27.6,2026-03-15 14:06:00,2026-03-21 14:06:00,27.6,atendido
P-00758,O-052,preparado,90.6,2026-03-15 16:16:00,2026-03-20 16:16:00,8.3,parcial
P-00759,O-029,nao_perecivel,104.5,2026-03-16 13:53:00,2026-03-19 13:53:00,0.0,expirado
P-00760,O-055,nao_perecivel,30.2,2026-03-16 21:42:00,2026-03-19 21:42:00,0.0,expirado
P-00761,O-032,nao_perecivel,48.8,2026-03-17 14:31:00,2026-03-23 14:31:00,8.9,parcial
P-00762,O-014,nao_perecivel,43.1,2026-03-17 15:11:00,2026-03-22 15:11:00,24.7,parcial
P-00763,O-034,nao_perecivel,19.4,2026-03-18 13:58:00,2026-03-22 13:58:00,0.0,expirado
P-00764,O-011,hortifruti,17.6,2026-03-18 15:14:00,2026-03-21 15:14:00,0.0,expirado
P-00765,O-051,hortifruti,28.9,2026-03-18 18:17:00,2026-03-25 18:17:00,28.9,atendido
P-00766,O-052,nao_perecivel,36.6,2026-03-19 09:58:00,2026-03-24 09:58:00,0.0,expirado
P-00767,O-059,preparado,42.2,2026-03-19 13:20:00,2026-03-25 13:20:00,8.4,parcial
P-00768,O-016,hortifruti,29.2,2026-03-19 13:47:00,2026-03-22 13:47:00,0.0,expirado
P-00769,O-036,nao_perecivel,25.4,2026-03-19 15:47:00,2026-03-25 15:47:00,25.4,atendido
P-00770,O-052,nao_perecivel,57.5,2026-03-20 09:11:00,2026-03-26 09:11:00,57.5,atendido
P-00771,O-007,hortifruti,79.1,2026-03-21 11:33:00,2026-03-27 11:33:00,79.1,atendido
P-00772,O-024,nao_perecivel,51.7,2026-03-21 12:57:00,2026-03-24 12:57:00,51.7,atendido
P-00773,O-034,padaria,34.8,2026-03-21 14:43:00,2026-03-24 14:43:00,0.0,expirado
P-00774,O-042,hortifruti,33.6,2026-03-21 17:01:00,2026-03-27 17:01:00,0.0,expirado
P-00775,O-032,nao_perecivel,37.1,2026-03-22 08:27:00,2026-03-29 08:27:00,37.1,atendido
P-00776,O-008,congelado,70.3,2026-03-22 09:32:00,2026-03-27 09:32:00,0.0,expirado
P-00777,O-022,nao_perecivel,33.7,2026-03-22 13:07:00,2026-03-26 13:07:00,33.7,atendido
P-00778,O-007,nao_perecivel,76.5,2026-03-22 16:21:00,2026-03-29 16:21:00,52.2,parcial
P-00779,O-003,hortifruti,24.5,2026-03-22 16:23:00,2026-03-27 16:23:00,0.0,expirado
P-00780,O-048,nao_perecivel,20.6,2026-03-23 07:18:00,2026-03-29 07:18:00,15.9,parcial
P-00781,O-049,refrigerado,35.8,2026-03-23 13:59:00,2026-03-27 13:59:00,0.0,expirado
P-00782,O-022,preparado,22.9,2026-03-23 17:22:00,2026-03-28 17:22:00,15.9,parcial
P-00783,O-027,nao_perecivel,26.5,2026-03-24 09:02:00,2026-03-27 09:02:00,26.5,atendido
P-00784,O-024,hortifruti,38.6,2026-03-24 10:55:00,2026-03-28 10:55:00,0.0,expirado
P-00785,O-032,nao_perecivel,36.5,2026-03-24 14:45:00,2026-03-31 14:45:00,36.5,atendido
P-00786,O-030,nao_perecivel,12.3,2026-03-24 16:23:00,2026-03-28 16:23:00,0.0,expirado
P-00787,O-034,nao_perecivel,24.0,2026-03-25 09:32:00,2026-03-28 09:32:00,0.0,expirado
P-00788,O-014,padaria,38.4,2026-03-25 13:46:00,2026-03-29 13:46:00,0.0,expirado
P-00789,O-009,hortifruti,9.7,2026-03-25 14:00:00,2026-03-30 14:00:00,9.7,atendido
P-00790,O-003,hortifruti,37.1,2026-03-25 15:13:00,2026-04-01 15:13:00,0.0,expirado
P-00791,O-023,refrigerado,26.0,2026-03-26 11:35:00,2026-03-29 11:35:00,0.0,expirado
P-00792,O-051,hortifruti,9.7,2026-03-27 09:25:00,2026-03-31 09:25:00,9.7,atendido
P-00793,O-057,nao_perecivel,21.4,2026-03-27 09:33:00,2026-03-31 09:33:00,21.4,atendido
P-00794,O-028,nao_perecivel,26.6,2026-03-27 14:00:00,2026-03-31 14:00:00,26.6,atendido
P-00795,O-004,nao_perecivel,34.5,2026-03-27 16:05:00,2026-03-30 16:05:00,0.0,expirado
P-00796,O-001,refrigerado,10.8,2026-03-27 17:05:00,2026-03-30 17:05:00,0.0,expirado
P-00797,O-015,nao_perecivel,13.3,2026-03-28 12:10:00,2026-04-02 12:10:00,0.0,expirado
P-00798,O-045,hortifruti,140.1,2026-03-28 13:14:00,2026-04-03 13:14:00,140.1,atendido
P-00799,O-005,padaria,76.8,2026-03-28 15:09:00,2026-04-03 15:09:00,19.0,parcial
P-00800,O-012,nao_perecivel,35.6,2026-03-28 17:43:00,2026-04-04 17:43:00,9.9,parcial
P-00801,O-022,preparado,36.0,2026-03-28 20:06:00,2026-04-02 20:06:00,25.6,parcial
P-00802,O-052,preparado,63.1,2026-03-29 07:27:00,2026-04-02 07:27:00,23.1,parcial
P-00803,O-002,nao_perecivel,53.2,2026-03-29 09:11:00,2026-04-01 09:11:00,0.0,expirado
P-00804,O-009,hortifruti,15.4,2026-03-29 11:34:00,2026-04-01 11:34:00,0.0,expirado
P-00805,O-029,nao_perecivel,120.1,2026-03-29 15:20:00,2026-04-03 15:20:00,120.1,atendido
P-00806,O-006,nao_perecivel,17.6,2026-03-29 17:02:00,2026-04-05 17:02:00,0.0,expirado
P-00807,O-051,hortifruti,16.8,2026-03-29 18:22:00,2026-04-03 18:22:00,16.8,atendido
P-00808,O-024,nao_perecivel,79.5,2026-03-30 10:15:00,2026-04-05 10:15:00,79.5,atendido
P-00809,O-009,nao_perecivel,12.0,2026-03-30 11:12:00,2026-04-02 11:12:00,0.0,expirado
P-00810,O-040,hortifruti,28.6,2026-03-30 13:19:00,2026-04-02 13:19:00,28.6,atendido
P-00811,O-043,padaria,29.0,2026-03-30 13:46:00,2026-04-05 13:46:00,0.0,expirado
P-00812,O-004,hortifruti,28.8,2026-03-30 14:25:00,2026-04-06 14:25:00,28.8,atendido
P-00813,O-022,nao_perecivel,40.7,2026-03-30 18:13:00,2026-04-04 18:13:00,40.7,atendido
P-00814,O-011,nao_perecivel,13.4,2026-03-31 08:31:00,2026-04-06 08:31:00,0.0,expirado
P-00815,O-046,hortifruti,40.3,2026-03-31 12:53:00,2026-04-05 12:53:00,40.3,atendido
P-00816,O-045,preparado,70.6,2026-03-31 13:24:00,2026-04-04 13:24:00,42.9,parcial
P-00817,O-060,padaria,14.8,2026-03-31 15:19:00,2026-04-03 15:19:00,0.0,expirado
P-00818,O-058,nao_perecivel,20.7,2026-04-01 11:25:00,2026-04-04 11:25:00,20.7,atendido
P-00819,O-012,hortifruti,27.4,2026-04-01 14:31:00,2026-04-08 14:31:00,27.4,atendido
P-00820,O-057,padaria,24.5,2026-04-01 17:56:00,2026-04-08 17:56:00,7.3,parcial
P-00821,O-021,nao_perecivel,10.4,2026-04-01 20:00:00,2026-04-06 20:00:00,0.0,expirado
P-00822,O-036,nao_perecivel,21.6,2026-04-02 08:18:00,2026-04-07 08:18:00,0.0,expirado
P-00823,O-020,nao_perecivel,22.9,2026-04-02 16:05:00,2026-04-09 16:05:00,0.0,expirado
P-00824,O-019,hortifruti,74.7,2026-04-02 16:10:00,2026-04-05 16:10:00,0.0,expirado
P-00825,O-055,preparado,34.9,2026-04-02 17:56:00,2026-04-07 17:56:00,16.5,parcial
P-00826,O-030,padaria,13.4,2026-04-02 20:11:00,2026-04-07 20:11:00,13.4,atendido
P-00827,O-057,nao_perecivel,24.2,2026-04-03 07:42:00,2026-04-08 07:42:00,0.0,expirado
P-00828,O-054,nao_perecivel,32.7,2026-04-03 10:27:00,2026-04-08 10:27:00,0.0,expirado
P-00829,O-019,nao_perecivel,62.8,2026-04-03 13:46:00,2026-04-09 13:46:00,62.8,atendido
P-00830,O-060,hortifruti,26.2,2026-04-03 14:17:00,2026-04-08 14:17:00,0.0,expirado
P-00831,O-037,nao_perecivel,22.5,2026-04-03 17:16:00,2026-04-07 17:16:00,0.0,expirado
P-00832,O-007,nao_perecivel,62.3,2026-04-04 10:58:00,2026-04-11 10:58:00,62.3,atendido
P-00833,O-023,nao_perecivel,31.7,2026-04-04 16:51:00,2026-04-08 16:51:00,13.8,parcial
P-00834,O-012,hortifruti,16.3,2026-04-04 20:31:00,2026-04-11 20:31:00,16.3,atendido
P-00835,O-033,padaria,29.2,2026-04-05 11:27:00,2026-04-11 11:27:00,0.0,expirado
P-00836,O-055,nao_perecivel,24.6,2026-04-05 11:33:00,2026-04-11 11:33:00,24.6,atendido
P-00837,O-046,nao_perecivel,31.9,2026-04-05 13:49:00,2026-04-11 13:49:00,0.0,expirado
P-00838,O-049,nao_perecivel,15.3,2026-04-05 15:28:00,2026-04-12 15:28:00,0.0,expirado
P-00839,O-020,congelado,47.4,2026-04-06 10:04:00,2026-04-12 10:04:00,0.0,expirado
P-00840,O-034,nao_perecivel,13.3,2026-04-06 13:44:00,2026-04-11 13:44:00,0.0,expirado
P-00841,O-009,hortifruti,19.0,2026-04-06 14:13:00,2026-04-11 14:13:00,19.0,atendido
P-00842,O-004,nao_perecivel,16.9,2026-04-06 15:09:00,2026-04-11 15:09:00,0.0,expirado
P-00843,O-022,congelado,28.5,2026-04-06 16:38:00,2026-04-10 16:38:00,28.5,atendido
P-00844,O-010,refrigerado,55.6,2026-04-07 07:00:00,2026-04-10 07:00:00,54.4,parcial
P-00845,O-033,hortifruti,25.4,2026-04-07 09:20:00,2026-04-10 09:20:00,24.2,parcial
P-00846,O-060,refrigerado,31.8,2026-04-07 12:20:00,2026-04-10 12:20:00,0.0,expirado
P-00847,O-029,padaria,59.8,2026-04-07 18:20:00,2026-04-13 18:20:00,24.3,parcial
P-00848,O-058,hortifruti,34.6,2026-04-08 11:21:00,2026-04-13 11:21:00,34.6,atendido
P-00849,O-052,refrigerado,77.2,2026-04-08 19:11:00,2026-04-11 19:11:00,0.0,expirado
P-00850,O-005,padaria,54.5,2026-04-09 09:47:00,2026-04-12 09:47:00,0.0,expirado
P-00851,O-050,preparado,62.2,2026-04-09 10:10:00,2026-04-15 10:10:00,26.2,parcial
P-00852,O-036,padaria,17.6,2026-04-10 07:05:00,2026-04-13 07:05:00,0.0,expirado
P-00853,O-023,nao_perecivel,26.4,2026-04-10 07:28:00,2026-04-13 07:28:00,0.0,expirado
P-00854,O-033,nao_perecivel,13.4,2026-04-10 10:21:00,2026-04-15 10:21:00,13.4,atendido
P-00855,O-052,nao_perecivel,60.1,2026-04-10 10:27:00,2026-04-13 10:27:00,25.9,parcial
P-00856,O-034,padaria,12.9,2026-04-10 15:26:00,2026-04-14 15:26:00,0.0,expirado
P-00857,O-011,nao_perecivel,16.8,2026-04-10 16:02:00,2026-04-13 16:02:00,0.0,expirado
P-00858,O-008,hortifruti,50.7,2026-04-10 22:39:00,2026-04-17 22:39:00,0.0,expirado
P-00859,O-003,refrigerado,33.1,2026-04-11 11:00:00,2026-04-18 11:00:00,22.1,parcial
P-00860,O-051,nao_perecivel,22.5,2026-04-11 12:13:00,2026-04-14 12:13:00,22.5,atendido
P-00861,O-049,nao_perecivel,21.3,2026-04-11 16:45:00,2026-04-15 16:45:00,0.0,expirado
P-00862,O-030,hortifruti,25.8,2026-04-11 16:53:00,2026-04-15 16:53:00,0.0,expirado
P-00863,O-013,nao_perecivel,105.2,2026-04-11 20:20:00,2026-04-16 20:20:00,89.9,parcial
P-00864,O-039,nao_perecivel,7.7,2026-04-12 10:23:00,2026-04-19 10:23:00,0.0,expirado
P-00865,O-009,hortifruti,18.6,2026-04-12 11:21:00,2026-04-19 11:21:00,18.6,atendido
P-00866,O-033,nao_perecivel,24.0,2026-04-12 13:54:00,2026-04-16 13:54:00,0.0,expirado
P-00867,O-030,hortifruti,11.7,2026-04-12 15:44:00,2026-04-17 15:44:00,0.0,expirado
P-00868,O-022,nao_perecivel,16.5,2026-04-12 16:48:00,2026-04-19 16:48:00,11.3,parcial
P-00869,O-055,padaria,19.0,2026-04-12 17:14:00,2026-04-17 17:14:00,0.0,expirado
P-00870,O-030,hortifruti,17.8,2026-04-13 08:00:00,2026-04-17 08:00:00,0.0,expirado
P-00871,O-031,hortifruti,79.4,2026-04-13 11:01:00,2026-04-19 11:01:00,79.4,atendido
P-00872,O-014,padaria,46.6,2026-04-13 11:09:00,2026-04-17 11:09:00,13.3,parcial
P-00873,O-003,preparado,51.1,2026-04-14 09:32:00,2026-04-20 09:32:00,0.0,expirado
P-00874,O-017,padaria,78.6,2026-04-14 12:19:00,2026-04-17 12:19:00,0.6,parcial
P-00875,O-057,nao_perecivel,40.2,2026-04-14 19:15:00,2026-04-19 19:15:00,10.1,parcial
P-00876,O-037,nao_perecivel,55.9,2026-04-15 10:22:00,2026-04-22 10:22:00,55.9,atendido
P-00877,O-028,hortifruti,20.8,2026-04-15 11:11:00,2026-04-21 11:11:00,20.8,atendido
P-00878,O-015,nao_perecivel,9.2,2026-04-15 11:34:00,2026-04-22 11:34:00,0.0,expirado
P-00879,O-041,preparado,19.1,2026-04-15 13:25:00,2026-04-21 13:25:00,0.0,expirado
P-00880,O-045,padaria,137.3,2026-04-15 14:10:00,2026-04-18 14:10:00,24.6,parcial
P-00881,O-043,nao_perecivel,31.6,2026-04-16 10:02:00,2026-04-23 10:02:00,31.6,atendido
P-00882,O-021,nao_perecivel,27.0,2026-04-16 10:05:00,2026-04-23 10:05:00,0.0,expirado
P-00883,O-059,hortifruti,30.1,2026-04-16 14:25:00,2026-04-20 14:25:00,20.8,parcial
P-00884,O-015,padaria,10.6,2026-04-16 14:33:00,2026-04-20 14:33:00,0.0,expirado
P-00885,O-005,nao_perecivel,26.5,2026-04-16 14:43:00,2026-04-19 14:43:00,0.0,expirado
P-00886,O-052,nao_perecivel,60.8,2026-04-16 16:33:00,2026-04-21 16:33:00,60.8,atendido
P-00887,O-057,nao_perecivel,22.7,2026-04-16 19:02:00,2026-04-22 19:02:00,17.3,parcial
P-00888,O-036,congelado,17.3,2026-04-17 07:17:00,2026-04-24 07:17:00,0.0,expirado
P-00889,O-004,preparado,24.4,2026-04-17 11:17:00,2026-04-23 11:17:00,9.3,parcial
P-00890,O-033,preparado,23.0,2026-04-17 16:48:00,2026-04-23 16:48:00,0.0,expirado
P-00891,O-048,hortifruti,15.6,2026-04-17 17:02:00,2026-04-21 17:02:00,10.9,parcial
P-00892,O-042,hortifruti,20.6,2026-04-17 21:56:00,2026-04-22 21:56:00,20.6,atendido
P-00893,O-002,hortifruti,54.5,2026-04-18 07:42:00,2026-04-25 07:42:00,0.0,expirado
P-00894,O-019,nao_perecivel,106.1,2026-04-18 09:29:00,2026-04-23 09:29:00,106.1,atendido
P-00895,O-026,nao_perecivel,16.3,2026-04-18 12:51:00,2026-04-22 12:51:00,0.0,expirado
P-00896,O-014,refrigerado,27.4,2026-04-18 13:31:00,2026-04-22 13:31:00,12.2,parcial
P-00897,O-037,refrigerado,37.1,2026-04-18 13:41:00,2026-04-22 13:41:00,0.0,expirado
P-00898,O-031,hortifruti,101.7,2026-04-18 13:51:00,2026-04-25 13:51:00,0.0,expirado
P-00899,O-050,nao_perecivel,38.7,2026-04-18 14:53:00,2026-04-23 14:53:00,38.7,atendido
P-00900,O-032,nao_perecivel,20.5,2026-04-18 16:10:00,2026-04-22 16:10:00,20.5,atendido
P-00901,O-048,nao_perecivel,13.7,2026-04-18 17:35:00,2026-04-25 17:35:00,0.0,expirado
P-00902,O-036,padaria,25.4,2026-04-19 12:24:00,2026-04-26 12:24:00,25.4,atendido
P-00903,O-019,nao_perecivel,60.1,2026-04-19 15:14:00,2026-04-25 15:14:00,60.1,atendido
P-00904,O-031,refrigerado,91.3,2026-04-19 15:32:00,2026-04-26 15:32:00,0.0,expirado
P-00905,O-039,hortifruti,19.0,2026-04-20 11:11:00,2026-04-24 11:11:00,6.1,parcial
P-00906,O-002,hortifruti,21.0,2026-04-20 14:31:00,2026-04-26 14:31:00,0.0,expirado
P-00907,O-052,nao_perecivel,58.4,2026-04-20 14:41:00,2026-04-27 14:41:00,58.4,atendido
P-00908,O-007,hortifruti,49.5,2026-04-20 15:30:00,2026-04-25 15:30:00,25.0,parcial
P-00909,O-026,nao_perecivel,7.1,2026-04-20 18:04:00,2026-04-24 18:04:00,0.0,expirado
P-00910,O-022,hortifruti,16.3,2026-04-20 20:00:00,2026-04-24 20:00:00,0.0,expirado
P-00911,O-027,hortifruti,20.1,2026-04-21 08:16:00,2026-04-26 08:16:00,0.0,expirado
P-00912,O-034,padaria,30.4,2026-04-21 12:14:00,2026-04-25 12:14:00,0.0,expirado
P-00913,O-054,nao_perecivel,34.6,2026-04-21 13:12:00,2026-04-24 13:12:00,0.0,expirado
P-00914,O-026,preparado,11.4,2026-04-21 14:51:00,2026-04-25 14:51:00,11.4,atendido
P-00915,O-030,hortifruti,11.6,2026-04-21 19:41:00,2026-04-28 19:41:00,0.0,expirado
P-00916,O-020,nao_perecivel,53.5,2026-04-21 20:05:00,2026-04-27 20:05:00,53.5,atendido
P-00917,O-001,refrigerado,20.3,2026-04-22 09:13:00,2026-04-27 09:13:00,4.2,parcial
P-00918,O-003,hortifruti,62.1,2026-04-22 11:00:00,2026-04-26 11:00:00,0.0,expirado
P-00919,O-008,hortifruti,80.5,2026-04-22 14:20:00,2026-04-27 14:20:00,0.0,expirado
P-00920,O-041,nao_perecivel,15.7,2026-04-22 14:34:00,2026-04-27 14:34:00,0.0,expirado
P-00921,O-030,padaria,16.6,2026-04-22 18:00:00,2026-04-25 18:00:00,0.0,expirado
P-00922,O-051,nao_perecivel,14.6,2026-04-22 18:49:00,2026-04-29 18:49:00,14.6,atendido
P-00923,O-023,nao_perecivel,24.4,2026-04-22 19:17:00,2026-04-26 19:17:00,24.4,atendido
P-00924,O-052,preparado,53.2,2026-04-22 22:29:00,2026-04-29 22:29:00,12.7,parcial
P-00925,O-033,nao_perecivel,27.1,2026-04-23 11:21:00,2026-04-28 11:21:00,13.7,parcial
P-00926,O-059,congelado,47.8,2026-04-23 12:56:00,2026-04-29 12:56:00,40.9,parcial
P-00927,O-048,nao_perecivel,15.0,2026-04-23 20:55:00,2026-04-27 20:55:00,0.0,expirado
P-00928,O-039,hortifruti,11.1,2026-04-24 13:02:00,2026-04-28 13:02:00,7.2,parcial
P-00929,O-054,refrigerado,46.5,2026-04-24 13:59:00,2026-04-29 13:59:00,4.3,parcial
P-00930,O-028,nao_perecivel,13.0,2026-04-24 14:49:00,2026-04-30 14:49:00,13.0,atendido
P-00931,O-051,preparado,23.2,2026-04-24 15:27:00,2026-05-01 15:27:00,11.1,parcial
P-00932,O-012,padaria,21.8,2026-04-24 18:58:00,2026-04-30 18:58:00,21.8,atendido
P-00933,O-046,refrigerado,41.7,2026-04-25 09:05:00,2026-05-01 09:05:00,0.0,expirado
P-00934,O-026,nao_perecivel,20.1,2026-04-25 12:54:00,2026-05-01 12:54:00,0.0,expirado
P-00935,O-025,preparado,62.4,2026-04-25 17:37:00,2026-05-02 17:37:00,62.4,atendido
P-00936,O-009,hortifruti,16.4,2026-04-25 20:37:00,2026-04-28 20:37:00,10.2,parcial
P-00937,O-059,hortifruti,27.4,2026-04-25 22:21:00,2026-04-28 22:21:00,0.0,expirado
P-00938,O-030,hortifruti,12.3,2026-04-26 13:30:00,2026-05-02 13:30:00,12.3,atendido
P-00939,O-031,nao_perecivel,92.8,2026-04-26 14:29:00,2026-05-02 14:29:00,0.0,expirado
P-00940,O-001,nao_perecivel,15.7,2026-04-27 14:03:00,2026-05-01 14:03:00,0.0,expirado
P-00941,O-054,hortifruti,47.7,2026-04-27 14:25:00,2026-05-01 14:25:00,31.0,parcial
P-00942,O-049,refrigerado,33.8,2026-04-27 17:17:00,2026-04-30 17:17:00,0.0,expirado
P-00943,O-042,hortifruti,13.1,2026-04-28 14:15:00,2026-05-05 14:15:00,13.1,atendido
P-00944,O-050,nao_perecivel,36.4,2026-04-28 20:56:00,2026-05-02 20:56:00,36.4,atendido
P-00945,O-005,nao_perecivel,49.7,2026-04-29 11:13:00,2026-05-04 11:13:00,0.0,expirado
P-00946,O-018,padaria,17.1,2026-04-29 12:38:00,2026-05-06 12:38:00,17.1,atendido
P-00947,O-021,hortifruti,20.8,2026-04-29 12:46:00,2026-05-03 12:46:00,0.0,expirado
P-00948,O-010,preparado,90.2,2026-04-29 13:53:00,2026-05-03 13:53:00,10.2,parcial
P-00949,O-014,nao_perecivel,18.4,2026-04-29 15:31:00,2026-05-05 15:31:00,18.4,atendido
P-00950,O-016,preparado,14.5,2026-04-29 15:55:00,2026-05-05 15:55:00,0.0,expirado
P-00951,O-022,nao_perecivel,31.1,2026-04-29 16:24:00,2026-05-03 16:24:00,21.5,parcial
P-00952,O-049,refrigerado,39.7,2026-04-29 17:09:00,2026-05-06 17:09:00,14.9,parcial
P-00953,O-050,nao_perecivel,24.7,2026-04-29 19:37:00,2026-05-05 19:37:00,24.7,atendido
P-00954,O-004,refrigerado,29.1,2026-04-30 12:09:00,2026-05-05 12:09:00,0.0,expirado
P-00955,O-037,hortifruti,47.7,2026-05-01 09:38:00,2026-05-05 09:38:00,0.0,expirado
P-00956,O-009,nao_perecivel,7.3,2026-05-01 16:05:00,2026-05-06 16:05:00,0.0,expirado
P-00957,O-039,preparado,7.1,2026-05-01 18:28:00,2026-05-08 18:28:00,7.1,atendido
P-00958,O-027,nao_perecivel,23.2,2026-05-01 19:01:00,2026-05-07 19:01:00,23.2,atendido
P-00959,O-030,nao_perecivel,14.2,2026-05-02 13:01:00,2026-05-07 13:01:00,0.0,expirado
P-00960,O-024,nao_perecivel,64.0,2026-05-02 13:14:00,2026-05-06 13:14:00,64.0,atendido
P-00961,O-013,refrigerado,71.4,2026-05-02 13:17:00,2026-05-08 13:17:00,39.6,parcial
P-00962,O-049,nao_perecivel,36.9,2026-05-02 17:45:00,2026-05-08 17:45:00,0.0,expirado
P-00963,O-013,refrigerado,96.4,2026-05-03 08:56:00,2026-05-08 08:56:00,0.0,expirado
P-00964,O-049,nao_perecivel,18.7,2026-05-03 09:16:00,2026-05-10 09:16:00,8.1,parcial
P-00965,O-043,hortifruti,34.0,2026-05-03 09:39:00,2026-05-09 09:39:00,0.0,expirado
P-00966,O-016,padaria,21.0,2026-05-03 09:48:00,2026-05-06 09:48:00,0.0,expirado
P-00967,O-039,padaria,9.6,2026-05-03 09:58:00,2026-05-08 09:58:00,0.0,expirado
P-00968,O-059,hortifruti,29.3,2026-05-03 10:05:00,2026-05-07 10:05:00,0.0,expirado
P-00969,O-033,padaria,28.6,2026-05-03 13:20:00,2026-05-08 13:20:00,19.0,parcial
P-00970,O-040,padaria,22.1,2026-05-03 18:58:00,2026-05-08 18:58:00,22.1,atendido
P-00971,O-046,hortifruti,48.0,2026-05-04 14:03:00,2026-05-09 14:03:00,48.0,atendido
P-00972,O-012,refrigerado,21.9,2026-05-04 14:36:00,2026-05-07 14:36:00,0.0,expirado
P-00973,O-007,preparado,43.3,2026-05-05 15:12:00,2026-05-12 15:12:00,2.5,parcial
P-00974,O-046,congelado,48.8,2026-05-05 16:09:00,2026-05-10 16:09:00,48.8,atendido
P-00975,O-032,hortifruti,57.7,2026-05-06 13:06:00,2026-05-11 13:06:00,57.7,atendido
P-00976,O-031,nao_perecivel,105.4,2026-05-06 13:37:00,2026-05-09 13:37:00,0.0,expirado
P-00977,O-010,nao_perecivel,104.1,2026-05-07 07:21:00,2026-05-13 07:21:00,3.4,parcial
P-00978,O-054,hortifruti,17.0,2026-05-08 10:34:00,2026-05-11 10:34:00,0.0,expirado
P-00979,O-052,nao_perecivel,53.3,2026-05-08 18:35:00,2026-05-14 18:35:00,6.8,parcial
P-00980,O-043,nao_perecivel,19.0,2026-05-09 12:45:00,2026-05-16 12:45:00,19.0,atendido
P-00981,O-001,hortifruti,12.9,2026-05-10 13:23:00,2026-05-15 13:23:00,0.0,expirado
P-00982,O-003,padaria,35.4,2026-05-10 14:27:00,2026-05-15 14:27:00,0.0,expirado
P-00983,O-031,nao_perecivel,133.9,2026-05-10 16:43:00,2026-05-17 16:43:00,0.0,expirado
P-00984,O-054,padaria,39.7,2026-05-11 16:38:00,2026-05-16 16:38:00,0.0,expirado
P-00985,O-003,hortifruti,63.6,2026-05-12 08:27:00,2026-05-15 08:27:00,21.7,parcial
P-00986,O-031,congelado,129.1,2026-05-12 12:31:00,2026-05-17 12:31:00,17.1,parcial
P-00987,O-005,padaria,73.8,2026-05-12 12:49:00,2026-05-17 12:49:00,0.0,expirado
P-00988,O-013,nao_perecivel,103.2,2026-05-12 19:45:00,2026-05-19 19:45:00,103.2,atendido
P-00989,O-014,nao_perecivel,29.3,2026-05-13 10:31:00,2026-05-20 10:31:00,29.3,atendido
P-00990,O-033,hortifruti,14.7,2026-05-13 10:49:00,2026-05-16 10:49:00,14.7,atendido
P-00991,O-009,nao_perecivel,13.1,2026-05-13 16:02:00,2026-05-18 16:02:00,0.0,expirado
P-00992,O-017,hortifruti,68.5,2026-05-13 18:47:00,2026-05-17 18:47:00,68.5,atendido
P-00993,O-055,hortifruti,28.9,2026-05-14 08:11:00,2026-05-21 08:11:00,28.9,atendido
P-00994,O-045,hortifruti,130.9,2026-05-14 10:14:00,2026-05-21 10:14:00,130.9,atendido
P-00995,O-034,nao_perecivel,24.7,2026-05-14 14:07:00,2026-05-21 14:07:00,0.0,expirado
P-00996,O-039,nao_perecivel,9.7,2026-05-14 14:27:00,2026-05-17 14:27:00,0.0,expirado
P-00997,O-022,refrigerado,18.9,2026-05-14 20:00:00,2026-05-19 20:00:00,18.9,atendido
P-00998,O-019,nao_perecivel,87.3,2026-05-15 10:01:00,2026-05-21 10:01:00,0.0,expirado
P-00999,O-031,hortifruti,91.0,2026-05-15 12:48:00,2026-05-20 12:48:00,0.0,expirado
P-01000,O-036,hortifruti,9.9,2026-05-15 14:24:00,2026-05-22 14:24:00,9.9,atendido
P-01001,O-060,hortifruti,24.4,2026-05-15 15:20:00,2026-05-22 15:20:00,24.4,atendido
P-01002,O-048,nao_perecivel,16.1,2026-05-15 15:38:00,2026-05-22 15:38:00,14.0,parcial
P-01003,O-037,hortifruti,20.1,2026-05-15 16:22:00,2026-05-21 16:22:00,0.0,expirado
P-01004,O-020,preparado,31.0,2026-05-16 10:06:00,2026-05-21 10:06:00,31.0,atendido
P-01005,O-001,refrigerado,22.5,2026-05-16 17:34:00,2026-05-19 17:34:00,6.8,parcial
P-01006,O-027,nao_perecivel,21.7,2026-05-17 16:25:00,2026-05-22 16:25:00,0.0,expirado
P-01007,O-025,preparado,59.3,2026-05-17 18:02:00,2026-05-21 18:02:00,25.6,parcial
P-01008,O-009,hortifruti,15.4,2026-05-18 08:39:00,2026-05-21 08:39:00,0.0,expirado
P-01009,O-034,hortifruti,37.4,2026-05-18 09:00:00,2026-05-24 09:00:00,0.0,expirado
P-01010,O-050,preparado,60.5,2026-05-18 10:12:00,2026-05-21 10:12:00,25.6,parcial
P-01011,O-031,hortifruti,72.0,2026-05-18 12:32:00,2026-05-25 12:32:00,0.0,expirado
P-01012,O-022,congelado,36.2,2026-05-18 13:40:00,2026-05-21 13:40:00,11.3,parcial
P-01013,O-003,padaria,58.6,2026-05-18 15:15:00,2026-05-23 15:15:00,0.0,expirado
P-01014,O-002,hortifruti,30.1,2026-05-19 11:01:00,2026-05-22 11:01:00,0.0,expirado
P-01015,O-031,hortifruti,153.9,2026-05-19 13:07:00,2026-05-26 13:07:00,0.0,expirado
P-01016,O-005,refrigerado,45.4,2026-05-19 15:34:00,2026-05-22 15:34:00,25.9,parcial
P-01017,O-058,hortifruti,19.2,2026-05-19 16:44:00,2026-05-24 16:44:00,19.2,atendido
P-01018,O-051,preparado,29.9,2026-05-19 19:28:00,2026-05-24 19:28:00,6.8,parcial
P-01019,O-049,preparado,36.8,2026-05-20 10:24:00,2026-05-26 10:24:00,36.8,atendido
P-01020,O-014,refrigerado,37.8,2026-05-20 22:05:00,2026-05-24 22:05:00,37.8,atendido
P-01021,O-027,nao_perecivel,16.9,2026-05-21 15:54:00,2026-05-24 15:54:00,0.0,expirado
P-01022,O-013,nao_perecivel,42.5,2026-05-21 19:25:00,2026-05-28 19:25:00,42.5,atendido
P-01023,O-018,nao_perecivel,18.3,2026-05-22 08:25:00,2026-05-25 08:25:00,0.0,expirado
P-01024,O-029,nao_perecivel,117.2,2026-05-22 08:47:00,2026-05-25 08:47:00,0.0,expirado
P-01025,O-031,refrigerado,117.8,2026-05-22 14:24:00,2026-05-25 14:24:00,0.0,expirado
P-01026,O-039,hortifruti,7.3,2026-05-22 14:39:00,2026-05-25 14:39:00,0.0,expirado
P-01027,O-002,hortifruti,36.3,2026-05-22 15:29:00,2026-05-25 15:29:00,0.0,expirado
P-01028,O-039,preparado,15.7,2026-05-23 13:08:00,2026-05-29 13:08:00,15.7,atendido
P-01029,O-002,padaria,60.5,2026-05-23 15:27:00,2026-05-27 15:27:00,28.2,parcial
P-01030,O-051,preparado,26.6,2026-05-23 16:50:00,2026-05-28 16:50:00,0.0,expirado
P-01031,O-055,nao_perecivel,40.4,2026-05-23 17:24:00,2026-05-29 17:24:00,0.0,expirado
P-01032,O-037,hortifruti,53.0,2026-05-23 17:45:00,2026-05-27 17:45:00,53.0,atendido
P-01033,O-013,preparado,100.9,2026-05-24 07:50:00,2026-05-28 07:50:00,7.1,parcial
P-01034,O-043,hortifruti,20.7,2026-05-24 08:02:00,2026-05-27 08:02:00,20.7,atendido
P-01035,O-004,nao_perecivel,43.6,2026-05-24 10:22:00,2026-05-27 10:22:00,0.0,expirado
P-01036,O-020,nao_perecivel,25.2,2026-05-24 14:27:00,2026-05-28 14:27:00,25.2,atendido
P-01037,O-021,preparado,21.8,2026-05-24 14:47:00,2026-05-30 14:47:00,21.8,atendido
P-01038,O-016,nao_perecivel,21.1,2026-05-24 15:37:00,2026-05-27 15:37:00,0.0,expirado
P-01039,O-041,nao_perecivel,6.1,2026-05-24 18:46:00,2026-05-30 18:46:00,6.1,atendido
P-01040,O-015,nao_perecivel,21.6,2026-05-25 13:09:00,2026-05-30 13:09:00,0.0,expirado
P-01041,O-048,padaria,14.0,2026-05-25 13:59:00,2026-05-29 13:59:00,14.0,atendido
P-01042,O-058,hortifruti,50.1,2026-05-25 14:11:00,2026-05-29 14:11:00,50.1,atendido
P-01043,O-020,preparado,50.2,2026-05-25 16:22:00,2026-06-01 16:22:00,39.3,parcial
P-01044,O-049,hortifruti,21.4,2026-05-25 17:06:00,2026-05-28 17:06:00,0.0,expirado
P-01045,O-024,hortifruti,67.5,2026-05-26 11:11:00,2026-06-02 11:11:00,67.5,atendido
P-01046,O-006,refrigerado,20.5,2026-05-27 08:16:00,2026-06-02 08:16:00,0.0,expirado
P-01047,O-057,nao_perecivel,37.5,2026-05-27 10:20:00,2026-06-01 10:20:00,23.2,parcial
P-01048,O-001,nao_perecivel,23.2,2026-05-27 11:43:00,2026-06-01 11:43:00,23.2,atendido
P-01049,O-016,refrigerado,14.0,2026-05-27 14:52:00,2026-06-02 14:52:00,0.0,expirado
P-01050,O-050,preparado,22.8,2026-05-27 17:17:00,2026-06-03 17:17:00,22.8,atendido
P-01051,O-019,nao_perecivel,94.8,2026-05-28 12:34:00,2026-06-02 12:34:00,94.8,atendido
P-01052,O-041,padaria,14.1,2026-05-28 16:17:00,2026-06-03 16:17:00,12.2,parcial
P-01053,O-051,nao_perecivel,18.7,2026-05-29 08:26:00,2026-06-05 08:26:00,18.7,atendido
P-01054,O-024,padaria,30.4,2026-05-29 09:21:00,2026-06-03 09:21:00,7.5,parcial
P-01055,O-009,padaria,7.4,2026-05-29 09:23:00,2026-06-05 09:23:00,7.4,atendido
P-01056,O-046,nao_perecivel,34.1,2026-05-29 10:17:00,2026-06-01 10:17:00,0.0,expirado
P-01057,O-060,refrigerado,33.0,2026-05-29 14:24:00,2026-06-04 14:24:00,0.0,expirado
P-01058,O-020,padaria,38.9,2026-05-29 18:41:00,2026-06-01 18:41:00,4.6,parcial
P-01059,O-044,nao_perecivel,23.2,2026-05-30 10:13:00,2026-06-05 10:13:00,0.0,expirado
P-01060,O-007,padaria,24.6,2026-05-30 11:56:00,2026-06-04 11:56:00,0.0,expirado
P-01061,O-004,hortifruti,24.2,2026-05-30 11:57:00,2026-06-06 11:57:00,19.7,parcial
P-01062,O-012,hortifruti,15.1,2026-05-30 14:04:00,2026-06-02 14:04:00,0.0,expirado
P-01063,O-018,preparado,8.2,2026-05-30 15:13:00,2026-06-06 15:13:00,8.2,atendido
P-01064,O-046,hortifruti,21.1,2026-05-31 09:38:00,2026-06-07 09:38:00,21.1,atendido
P-01065,O-034,nao_perecivel,35.9,2026-05-31 10:03:00,2026-06-07 10:03:00,0.0,expirado
P-01066,O-013,nao_perecivel,106.5,2026-05-31 17:55:00,2026-06-04 17:55:00,106.5,atendido
P-01067,O-037,nao_perecivel,31.5,2026-06-01 10:37:00,2026-06-06 10:37:00,0.0,expirado
P-01068,O-046,padaria,43.6,2026-06-01 11:42:00,2026-06-05 11:42:00,8.1,parcial
P-01069,O-052,nao_perecivel,91.3,2026-06-01 21:49:00,2026-06-04 21:49:00,0.0,expirado
P-01070,O-040,hortifruti,24.4,2026-06-02 11:54:00,2026-06-08 11:54:00,24.4,atendido
P-01071,O-049,preparado,38.0,2026-06-02 15:14:00,2026-06-07 15:14:00,9.3,parcial
P-01072,O-004,nao_perecivel,36.1,2026-06-03 09:07:00,2026-06-09 09:07:00,0.0,expirado
P-01073,O-028,hortifruti,12.6,2026-06-03 10:24:00,2026-06-10 10:24:00,12.6,atendido
P-01074,O-015,padaria,20.8,2026-06-03 15:24:00,2026-06-10 15:24:00,0.0,expirado
P-01075,O-014,nao_perecivel,30.5,2026-06-03 16:06:00,2026-06-08 16:06:00,7.3,parcial
P-01076,O-048,refrigerado,16.3,2026-06-04 07:37:00,2026-06-09 07:37:00,15.9,parcial
P-01077,O-020,preparado,56.4,2026-06-04 10:51:00,2026-06-07 10:51:00,56.4,atendido
P-01078,O-005,nao_perecivel,44.7,2026-06-04 12:00:00,2026-06-08 12:00:00,11.3,parcial
P-01079,O-022,preparado,31.2,2026-06-04 13:20:00,2026-06-07 13:20:00,20.8,parcial
P-01080,O-036,hortifruti,17.3,2026-06-04 13:51:00,2026-06-09 13:51:00,0.0,expirado
P-01081,O-057,nao_perecivel,24.9,2026-06-04 14:31:00,2026-06-07 14:31:00,0.0,expirado
P-01082,O-021,hortifruti,11.5,2026-06-04 16:39:00,2026-06-07 16:39:00,0.0,expirado
P-01083,O-017,padaria,88.2,2026-06-04 20:25:00,2026-06-09 20:25:00,7.9,parcial
P-01084,O-017,nao_perecivel,93.6,2026-06-05 09:30:00,2026-06-11 09:30:00,49.5,parcial
P-01085,O-013,nao_perecivel,89.9,2026-06-05 10:00:00,2026-06-08 10:00:00,89.9,atendido
P-01086,O-040,preparado,25.0,2026-06-05 11:15:00,2026-06-08 11:15:00,17.4,parcial
P-01087,O-002,refrigerado,33.9,2026-06-05 12:00:00,2026-06-11 12:00:00,21.5,parcial
P-01088,O-014,nao_perecivel,48.3,2026-06-05 15:30:00,2026-06-08 15:30:00,0.0,expirado
P-01089,O-037,nao_perecivel,38.7,2026-06-06 07:19:00,2026-06-12 07:19:00,38.7,atendido
P-01090,O-023,hortifruti,19.9,2026-06-06 11:28:00,2026-06-12 11:28:00,19.9,atendido
P-01091,O-058,hortifruti,41.3,2026-06-06 16:49:00,2026-06-11 16:49:00,41.3,atendido
P-01092,O-026,nao_perecivel,17.7,2026-06-06 22:07:00,2026-06-12 22:07:00,17.7,atendido
P-01093,O-029,nao_perecivel,93.3,2026-06-07 09:46:00,2026-06-14 09:46:00,93.3,atendido
P-01094,O-028,hortifruti,22.5,2026-06-07 11:21:00,2026-06-11 11:21:00,21.9,parcial
P-01095,O-017,nao_perecivel,96.9,2026-06-07 12:23:00,2026-06-14 12:23:00,82.7,parcial
P-01096,O-026,preparado,7.7,2026-06-07 14:32:00,2026-06-10 14:32:00,7.7,atendido
P-01097,O-033,nao_perecivel,13.3,2026-06-07 15:31:00,2026-06-11 15:31:00,12.4,parcial
P-01098,O-020,congelado,20.2,2026-06-07 15:38:00,2026-06-11 15:38:00,20.2,atendido
P-01099,O-009,hortifruti,8.3,2026-06-08 11:33:00,2026-06-11 11:33:00,0.0,expirado
P-01100,O-049,nao_perecivel,31.2,2026-06-08 11:46:00,2026-06-14 11:46:00,31.2,atendido
P-01101,O-027,nao_perecivel,29.7,2026-06-08 12:43:00,2026-06-14 12:43:00,29.7,atendido
P-01102,O-033,nao_perecivel,23.8,2026-06-08 14:17:00,2026-06-13 14:17:00,0.0,expirado
P-01103,O-019,preparado,37.2,2026-06-08 17:38:00,2026-06-13 17:38:00,0.0,expirado
P-01104,O-026,nao_perecivel,15.4,2026-06-08 20:46:00,2026-06-13 20:46:00,0.0,expirado
P-01105,O-030,hortifruti,14.3,2026-06-09 07:58:00,2026-06-14 07:58:00,14.3,atendido
P-01106,O-058,hortifruti,35.0,2026-06-09 16:01:00,2026-06-14 16:01:00,35.0,atendido
P-01107,O-040,hortifruti,42.8,2026-06-09 20:51:00,2026-06-13 20:51:00,0.0,expirado
P-01108,O-022,hortifruti,20.9,2026-06-09 21:04:00,2026-06-15 21:04:00,20.9,atendido
P-01109,O-011,hortifruti,8.0,2026-06-10 08:06:00,2026-06-16 08:06:00,0.0,expirado
P-01110,O-020,preparado,40.2,2026-06-10 09:03:00,2026-06-15 09:03:00,40.2,atendido
P-01111,O-049,hortifruti,19.2,2026-06-10 12:15:00,2026-06-14 12:15:00,19.2,atendido
P-01112,O-028,nao_perecivel,19.5,2026-06-10 13:10:00,2026-06-13 13:10:00,0.0,expirado
P-01113,O-057,preparado,27.1,2026-06-10 13:45:00,2026-06-13 13:45:00,5.3,parcial
P-01114,O-045,refrigerado,147.7,2026-06-10 13:55:00,2026-06-16 13:55:00,96.2,parcial
P-01115,O-037,nao_perecivel,20.5,2026-06-10 14:12:00,2026-06-13 14:12:00,0.0,expirado
P-01116,O-015,hortifruti,17.9,2026-06-10 16:58:00,2026-06-16 16:58:00,0.0,expirado
P-01117,O-046,hortifruti,57.2,2026-06-11 10:46:00,2026-06-18 10:46:00,9.5,parcial
P-01118,O-002,nao_perecivel,18.4,2026-06-11 10:58:00,2026-06-18 10:58:00,0.0,expirado
P-01119,O-005,nao_perecivel,48.8,2026-06-11 12:42:00,2026-06-16 12:42:00,44.6,parcial
P-01120,O-008,nao_perecivel,62.0,2026-06-11 20:42:00,2026-06-17 20:42:00,0.0,expirado
P-01121,O-030,nao_perecivel,10.3,2026-06-12 07:28:00,2026-06-16 07:28:00,0.0,expirado
P-01122,O-028,hortifruti,13.5,2026-06-12 13:36:00,2026-06-16 13:36:00,13.5,atendido
P-01123,O-010,refrigerado,64.2,2026-06-14 07:57:00,2026-06-18 07:57:00,0.0,expirado
P-01124,O-034,nao_perecivel,21.3,2026-06-14 14:01:00,2026-06-19 14:01:00,0.0,expirado
P-01125,O-005,preparado,36.6,2026-06-14 16:33:00,2026-06-19 16:33:00,36.6,atendido
P-01126,O-026,padaria,12.5,2026-06-14 16:35:00,2026-06-20 16:35:00,12.5,atendido
P-01127,O-029,nao_perecivel,59.3,2026-06-14 16:38:00,2026-06-21 16:38:00,59.3,atendido
P-01128,O-019,nao_perecivel,36.8,2026-06-14 17:10:00,2026-06-17 17:10:00,0.0,expirado
P-01129,O-002,nao_perecivel,53.4,2026-06-15 07:13:00,2026-06-19 07:13:00,35.5,parcial
P-01130,O-020,preparado,51.0,2026-06-15 09:34:00,2026-06-18 09:34:00,14.5,parcial
P-01131,O-046,nao_perecivel,25.4,2026-06-15 13:46:00,2026-06-18 13:46:00,0.0,expirado
P-01132,O-039,refrigerado,10.3,2026-06-15 18:48:00,2026-06-20 18:48:00,10.3,atendido
P-01133,O-046,hortifruti,38.0,2026-06-16 09:51:00,2026-06-20 09:51:00,6.0,parcial
P-01134,O-028,nao_perecivel,10.9,2026-06-16 13:33:00,2026-06-22 13:33:00,10.9,atendido
P-01135,O-037,nao_perecivel,48.3,2026-06-16 14:05:00,2026-06-22 14:05:00,26.6,parcial
P-01136,O-018,hortifruti,13.9,2026-06-16 17:11:00,2026-06-23 17:11:00,13.9,atendido
P-01137,O-030,nao_perecivel,24.0,2026-06-16 18:13:00,2026-06-20 18:13:00,0.0,expirado
P-01138,O-008,hortifruti,63.4,2026-06-16 22:09:00,2026-06-23 22:09:00,0.0,expirado
P-01139,O-020,congelado,36.6,2026-06-16 22:20:00,2026-06-19 22:20:00,0.0,expirado
P-01140,O-003,preparado,49.5,2026-06-17 16:25:00,2026-06-23 16:25:00,0.0,expirado
P-01141,O-001,padaria,14.4,2026-06-18 10:31:00,2026-06-24 10:31:00,13.4,parcial
P-01142,O-042,nao_perecivel,15.5,2026-06-18 14:02:00,2026-06-25 14:02:00,15.5,atendido
P-01143,O-021,preparado,11.9,2026-06-18 20:40:00,2026-06-23 20:40:00,11.9,atendido
P-01144,O-006,hortifruti,14.2,2026-06-19 10:50:00,2026-06-25 10:50:00,14.2,atendido
P-01145,O-007,refrigerado,54.6,2026-06-19 12:33:00,2026-06-24 12:33:00,54.6,atendido
P-01146,O-040,refrigerado,17.4,2026-06-19 15:22:00,2026-06-22 15:22:00,3.1,parcial
P-01147,O-009,hortifruti,10.6,2026-06-19 16:58:00,2026-06-23 16:58:00,7.1,parcial
P-01148,O-008,padaria,82.4,2026-06-19 18:34:00,2026-06-23 18:34:00,0.0,expirado
P-01149,O-007,nao_perecivel,29.5,2026-06-20 08:20:00,2026-06-23 08:20:00,29.5,atendido
P-01150,O-008,refrigerado,66.4,2026-06-20 14:12:00,2026-06-25 14:12:00,0.0,expirado
P-01151,O-051,preparado,14.8,2026-06-21 14:41:00,2026-06-26 14:41:00,5.7,parcial
P-01152,O-048,nao_perecivel,9.3,2026-06-21 16:15:00,2026-06-28 16:15:00,0.0,expirado
P-01153,O-034,hortifruti,16.1,2026-06-21 16:28:00,2026-06-28 16:28:00,0.0,expirado
P-01154,O-005,congelado,50.6,2026-06-22 11:12:00,2026-06-25 11:12:00,0.0,expirado
P-01155,O-042,padaria,25.3,2026-06-22 20:38:00,2026-06-28 20:38:00,6.1,parcial
P-01156,O-027,hortifruti,29.8,2026-06-22 20:43:00,2026-06-27 20:43:00,29.8,atendido
P-01157,O-025,preparado,89.0,2026-06-23 09:16:00,2026-06-28 09:16:00,89.0,atendido
P-01158,O-016,padaria,18.2,2026-06-23 09:21:00,2026-06-27 09:21:00,7.3,parcial
P-01159,O-046,padaria,33.4,2026-06-23 11:05:00,2026-06-30 11:05:00,8.9,parcial
P-01160,O-050,nao_perecivel,45.2,2026-06-23 13:16:00,2026-06-27 13:16:00,0.0,expirado
P-01161,O-039,refrigerado,17.9,2026-06-24 07:19:00,2026-07-01 07:19:00,7.1,parcial
P-01162,O-044,preparado,12.2,2026-06-24 09:26:00,2026-06-28 09:26:00,0.0,expirado
P-01163,O-045,preparado,84.6,2026-06-24 09:31:00,2026-06-27 09:31:00,84.6,atendido
P-01164,O-021,nao_perecivel,19.5,2026-06-24 11:05:00,2026-06-29 11:05:00,19.5,atendido
P-01165,O-026,nao_perecivel,6.9,2026-06-24 15:01:00,2026-06-27 15:01:00,0.0,expirado
P-01166,O-051,preparado,28.3,2026-06-25 10:46:00,2026-07-01 10:46:00,14.0,parcial
P-01167,O-023,nao_perecivel,17.6,2026-06-25 12:10:00,2026-07-02 12:10:00,17.6,atendido
P-01168,O-015,refrigerado,11.2,2026-06-25 13:42:00,2026-07-02 13:42:00,0.0,expirado
P-01169,O-042,preparado,18.0,2026-06-25 18:03:00,2026-07-02 18:03:00,5.6,parcial
P-01170,O-055,nao_perecivel,15.8,2026-06-26 08:09:00,2026-07-03 08:09:00,15.8,atendido
P-01171,O-039,preparado,17.5,2026-06-26 09:07:00,2026-06-30 09:07:00,3.4,parcial
P-01172,O-043,nao_perecivel,21.2,2026-06-26 11:40:00,2026-06-29 11:40:00,16.6,parcial
P-01173,O-036,refrigerado,23.1,2026-06-26 14:45:00,2026-07-01 14:45:00,0.0,expirado
P-01174,O-031,hortifruti,123.4,2026-06-26 15:24:00,2026-07-01 15:24:00,0.0,expirado
P-01175,O-051,hortifruti,11.5,2026-06-26 16:52:00,2026-07-02 16:52:00,11.5,atendido
P-01176,O-058,padaria,34.9,2026-06-26 17:10:00,2026-07-03 17:10:00,0.0,expirado
P-01177,O-044,hortifruti,20.8,2026-06-27 08:05:00,2026-07-01 08:05:00,11.5,parcial
P-01178,O-006,nao_perecivel,13.1,2026-06-27 08:49:00,2026-07-03 08:49:00,0.0,expirado
P-01179,O-018,hortifruti,15.4,2026-06-27 11:51:00,2026-07-02 11:51:00,0.0,expirado
P-01180,O-043,refrigerado,20.1,2026-06-27 15:19:00,2026-07-02 15:19:00,20.1,atendido
P-01181,O-022,refrigerado,20.6,2026-06-27 20:25:00,2026-07-01 20:25:00,0.0,expirado
P-01182,O-026,nao_perecivel,15.9,2026-06-28 11:18:00,2026-07-02 11:18:00,0.0,expirado
P-01183,O-021,nao_perecivel,10.2,2026-06-28 13:39:00,2026-07-03 13:39:00,0.0,expirado
P-01184,O-037,hortifruti,31.8,2026-06-28 20:10:00,2026-07-02 20:10:00,0.0,expirado
P-01185,O-040,hortifruti,47.8,2026-06-28 20:51:00,2026-07-04 20:51:00,47.8,atendido
P-01186,O-009,nao_perecivel,16.5,2026-06-29 09:44:00,2026-07-04 09:44:00,0.0,expirado
P-01187,O-002,nao_perecivel,46.1,2026-06-29 17:57:00,2026-07-02 17:57:00,0.0,expirado
P-01188,O-030,nao_perecivel,8.5,2026-06-30 14:20:00,2026-07-06 14:20:00,6.4,parcial
P-01189,O-016,hortifruti,29.0,2026-06-30 15:30:00,2026-07-06 15:30:00,0.0,expirado
P-01190,O-034,hortifruti,34.6,2026-06-30 15:41:00,2026-07-04 15:41:00,0.0,expirado
P-01191,O-042,hortifruti,33.1,2026-06-30 20:19:00,2026-07-07 20:19:00,0.0,expirado
P-01192,O-016,refrigerado,21.4,2026-07-01 12:59:00,2026-07-08 12:59:00,21.4,atendido
P-01193,O-005,nao_perecivel,36.2,2026-07-01 14:07:00,2026-07-06 14:07:00,36.2,atendido
P-01194,O-037,hortifruti,34.3,2026-07-01 16:40:00,2026-07-04 16:40:00,0.0,expirado
P-01195,O-031,refrigerado,121.2,2026-07-01 17:39:00,2026-07-06 17:39:00,48.4,parcial
P-01196,O-024,nao_perecivel,40.7,2026-07-02 12:27:00,2026-07-09 12:27:00,40.7,atendido
P-01197,O-044,hortifruti,12.3,2026-07-02 12:50:00,2026-07-08 12:50:00,12.3,atendido
P-01198,O-015,hortifruti,18.7,2026-07-02 12:57:00,2026-07-06 12:57:00,0.0,expirado
P-01199,O-009,nao_perecivel,19.3,2026-07-02 15:24:00,2026-07-05 15:24:00,0.0,expirado
P-01200,O-027,padaria,23.2,2026-07-02 16:08:00,2026-07-05 16:08:00,0.0,expirado
P-01201,O-017,hortifruti,94.0,2026-07-02 19:25:00,2026-07-07 19:25:00,13.0,parcial
P-01202,O-026,padaria,16.4,2026-07-02 21:25:00,2026-07-06 21:25:00,11.0,parcial
P-01203,O-013,hortifruti,39.8,2026-07-03 10:03:00,2026-07-06 10:03:00,39.8,atendido
P-01204,O-050,nao_perecivel,21.6,2026-07-04 07:31:00,2026-07-08 07:31:00,0.0,expirado
P-01205,O-058,hortifruti,50.1,2026-07-04 08:58:00,2026-07-07 08:58:00,0.0,expirado
P-01206,O-011,nao_perecivel,9.3,2026-07-04 11:39:00,2026-07-09 11:39:00,0.0,expirado
P-01207,O-026,nao_perecivel,9.5,2026-07-04 14:14:00,2026-07-09 14:14:00,0.0,expirado
P-01208,O-052,nao_perecivel,84.5,2026-07-04 16:02:00,2026-07-07 16:02:00,58.0,parcial
P-01209,O-033,nao_perecivel,23.1,2026-07-04 16:48:00,2026-07-09 16:48:00,21.7,parcial
P-01210,O-020,hortifruti,32.0,2026-07-04 17:13:00,2026-07-09 17:13:00,32.0,atendido
P-01211,O-027,nao_perecivel,19.0,2026-07-04 18:25:00,2026-07-11 18:25:00,19.0,atendido
P-01212,O-057,nao_perecivel,19.1,2026-07-05 10:42:00,2026-07-09 10:42:00,0.0,expirado
P-01213,O-024,hortifruti,48.9,2026-07-05 14:45:00,2026-07-09 14:45:00,0.0,expirado
P-01214,O-020,padaria,40.0,2026-07-05 16:23:00,2026-07-10 16:23:00,4.6,parcial
P-01215,O-042,hortifruti,12.9,2026-07-05 18:29:00,2026-07-11 18:29:00,12.9,atendido
P-01216,O-021,hortifruti,20.4,2026-07-05 19:48:00,2026-07-12 19:48:00,20.4,atendido
P-01217,O-043,nao_perecivel,16.2,2026-07-06 10:13:00,2026-07-11 10:13:00,0.0,expirado
P-01218,O-057,nao_perecivel,29.7,2026-07-06 14:18:00,2026-07-11 14:18:00,0.0,expirado
P-01219,O-044,nao_perecivel,11.5,2026-07-06 15:59:00,2026-07-11 15:59:00,0.0,expirado
P-01220,O-014,preparado,20.3,2026-07-06 16:05:00,2026-07-10 16:05:00,20.3,atendido
P-01221,O-025,preparado,50.7,2026-07-06 17:48:00,2026-07-13 17:48:00,20.5,parcial
P-01222,O-024,refrigerado,65.1,2026-07-07 11:02:00,2026-07-10 11:02:00,0.0,expirado
P-01223,O-011,nao_perecivel,16.7,2026-07-07 11:04:00,2026-07-10 11:04:00,0.0,expirado
P-01224,O-055,congelado,37.4,2026-07-07 12:38:00,2026-07-12 12:38:00,37.4,atendido
P-01225,O-029,nao_perecivel,59.4,2026-07-07 13:01:00,2026-07-14 13:01:00,59.4,atendido
P-01226,O-032,preparado,58.2,2026-07-08 08:25:00,2026-07-11 08:25:00,0.0,expirado
P-01227,O-004,padaria,39.6,2026-07-08 10:45:00,2026-07-15 10:45:00,0.0,expirado
P-01228,O-033,nao_perecivel,25.8,2026-07-08 11:03:00,2026-07-14 11:03:00,0.0,expirado
P-01229,O-022,hortifruti,16.2,2026-07-08 13:53:00,2026-07-14 13:53:00,16.2,atendido
P-01230,O-060,refrigerado,21.4,2026-07-08 15:06:00,2026-07-13 15:06:00,0.0,expirado
P-01231,O-029,hortifruti,77.4,2026-07-08 15:36:00,2026-07-13 15:36:00,36.3,parcial
P-01232,O-057,preparado,36.6,2026-07-08 16:09:00,2026-07-14 16:09:00,0.0,expirado
P-01233,O-054,hortifruti,41.5,2026-07-08 16:58:00,2026-07-15 16:58:00,0.0,expirado
P-01234,O-055,nao_perecivel,20.9,2026-07-09 08:28:00,2026-07-16 08:28:00,20.9,atendido
P-01235,O-013,hortifruti,95.0,2026-07-09 15:37:00,2026-07-16 15:37:00,95.0,atendido
P-01236,O-026,padaria,16.4,2026-07-09 21:24:00,2026-07-12 21:24:00,16.4,atendido
P-01237,O-020,preparado,27.0,2026-07-10 20:14:00,2026-07-13 20:14:00,16.0,parcial
P-01238,O-004,nao_perecivel,16.8,2026-07-11 09:17:00,2026-07-15 09:17:00,16.8,atendido
P-01239,O-034,hortifruti,35.6,2026-07-11 11:21:00,2026-07-15 11:21:00,0.0,expirado
P-01240,O-037,nao_perecivel,44.4,2026-07-12 08:04:00,2026-07-16 08:04:00,0.0,expirado
P-01241,O-060,preparado,36.4,2026-07-12 10:41:00,2026-07-16 10:41:00,0.0,expirado
P-01242,O-044,nao_perecivel,19.2,2026-07-12 11:14:00,2026-07-18 11:14:00,0.0,expirado
P-01243,O-012,nao_perecivel,26.1,2026-07-12 13:34:00,2026-07-19 13:34:00,7.7,parcial
P-01244,O-041,nao_perecivel,16.0,2026-07-12 15:55:00,2026-07-17 15:55:00,7.9,parcial
P-01245,O-052,preparado,65.4,2026-07-12 16:30:00,2026-07-19 16:30:00,34.0,parcial
P-01246,O-060,hortifruti,37.9,2026-07-13 10:22:00,2026-07-17 10:22:00,0.0,expirado
P-01247,O-031,preparado,96.1,2026-07-13 10:56:00,2026-07-19 10:56:00,0.0,expirado
P-01248,O-024,preparado,52.8,2026-07-13 16:01:00,2026-07-17 16:01:00,52.8,atendido
P-01249,O-017,hortifruti,70.0,2026-07-13 17:42:00,2026-07-20 17:42:00,70.0,atendido
P-01250,O-013,nao_perecivel,61.7,2026-07-13 18:39:00,2026-07-18 18:39:00,61.3,parcial
P-01251,O-023,hortifruti,21.2,2026-07-14 12:20:00,2026-07-19 12:20:00,14.0,parcial
P-01252,O-010,hortifruti,38.5,2026-07-14 13:27:00,2026-07-19 13:27:00,38.5,atendido
P-01253,O-036,preparado,8.9,2026-07-15 09:49:00,2026-07-22 09:49:00,0.0,expirado
P-01254,O-005,refrigerado,49.4,2026-07-16 13:10:00,2026-07-21 13:10:00,0.0,expirado
P-01255,O-042,nao_perecivel,11.5,2026-07-16 13:21:00,2026-07-19 13:21:00,0.0,expirado
P-01256,O-026,padaria,7.6,2026-07-16 18:15:00,2026-07-21 18:15:00,7.6,atendido
P-01257,O-055,nao_perecivel,35.7,2026-07-16 19:06:00,2026-07-20 19:06:00,8.4,parcial
P-01258,O-028,hortifruti,13.4,2026-07-17 11:00:00,2026-07-21 11:00:00,13.4,atendido
P-01259,O-046,hortifruti,18.7,2026-07-17 13:19:00,2026-07-22 13:19:00,0.0,expirado
P-01260,O-054,nao_perecivel,17.2,2026-07-18 16:13:00,2026-07-25 16:13:00,0.0,expirado
P-01261,O-037,hortifruti,42.4,2026-07-18 20:10:00,2026-07-24 20:10:00,0.0,expirado
P-01262,O-036,nao_perecivel,24.0,2026-07-19 09:42:00,2026-07-23 09:42:00,1.0,parcial
P-01263,O-008,nao_perecivel,74.3,2026-07-19 10:16:00,2026-07-22 10:16:00,0.0,expirado
P-01264,O-020,nao_perecivel,56.4,2026-07-19 10:24:00,2026-07-26 10:24:00,56.4,atendido
P-01265,O-033,nao_perecivel,14.8,2026-07-19 14:30:00,2026-07-23 14:30:00,14.8,atendido
P-01266,O-046,nao_perecivel,48.7,2026-07-19 16:10:00,2026-07-26 16:10:00,48.7,atendido
P-01267,O-007,hortifruti,63.9,2026-07-20 10:17:00,2026-07-23 10:17:00,56.4,parcial
P-01268,O-051,hortifruti,27.8,2026-07-20 13:04:00,2026-07-23 13:04:00,27.8,atendido
P-01269,O-060,hortifruti,27.4,2026-07-20 15:38:00,2026-07-25 15:38:00,21.0,parcial
P-01270,O-014,refrigerado,35.5,2026-07-20 18:22:00,2026-07-26 18:22:00,25.6,parcial
P-01271,O-017,hortifruti,49.6,2026-07-21 19:46:00,2026-07-25 19:46:00,45.6,parcial
P-01272,O-060,hortifruti,21.4,2026-07-22 15:10:00,2026-07-28 15:10:00,7.5,parcial
P-01273,O-032,nao_perecivel,17.7,2026-07-23 16:07:00,2026-07-26 16:07:00,0.0,expirado
P-01274,O-040,hortifruti,41.6,2026-07-23 20:16:00,2026-07-29 20:16:00,41.6,atendido
P-01275,O-014,preparado,49.0,2026-07-23 20:16:00,2026-07-26 20:16:00,49.0,atendido
P-01276,O-017,nao_perecivel,69.2,2026-07-24 09:20:00,2026-07-29 09:20:00,12.5,parcial
P-01277,O-052,nao_perecivel,36.7,2026-07-24 11:43:00,2026-07-28 11:43:00,36.7,atendido
P-01278,O-026,padaria,6.6,2026-07-24 11:48:00,2026-07-28 11:48:00,6.6,atendido
P-01279,O-033,hortifruti,12.9,2026-07-24 16:03:00,2026-07-29 16:03:00,12.9,atendido
P-01280,O-025,hortifruti,86.9,2026-07-24 20:57:00,2026-07-29 20:57:00,29.4,parcial
P-01281,O-054,hortifruti,41.4,2026-07-25 09:27:00,2026-07-30 09:27:00,41.4,atendido
P-01282,O-040,hortifruti,40.1,2026-07-25 11:56:00,2026-07-31 11:56:00,40.1,atendido
P-01283,O-049,hortifruti,38.6,2026-07-25 14:58:00,2026-07-31 14:58:00,0.0,expirado
P-01284,O-052,preparado,60.7,2026-07-25 20:22:00,2026-07-29 20:22:00,35.8,parcial
P-01285,O-041,nao_perecivel,16.9,2026-07-26 19:35:00,2026-08-01 19:35:00,16.9,atendido
P-01286,O-055,nao_perecivel,35.1,2026-07-26 20:27:00,2026-07-30 20:27:00,35.1,atendido
P-01287,O-017,preparado,69.6,2026-07-26 22:36:00,2026-07-29 22:36:00,0.0,expirado
P-01288,O-004,hortifruti,26.5,2026-07-27 09:34:00,2026-08-03 09:34:00,26.5,atendido
P-01289,O-007,padaria,54.4,2026-07-27 16:40:00,2026-08-02 16:40:00,0.0,expirado
P-01290,O-022,hortifruti,32.2,2026-07-27 17:28:00,2026-07-31 17:28:00,0.0,expirado
P-01291,O-015,hortifruti,19.3,2026-07-28 15:22:00,2026-08-01 15:22:00,0.0,expirado
P-01292,O-040,hortifruti,44.7,2026-07-28 17:42:00,2026-08-03 17:42:00,44.7,atendido
P-01293,O-041,hortifruti,15.8,2026-07-28 18:55:00,2026-08-03 18:55:00,0.0,expirado
P-01294,O-029,hortifruti,86.3,2026-07-29 08:06:00,2026-08-04 08:06:00,86.3,atendido
P-01295,O-051,nao_perecivel,11.8,2026-07-29 11:51:00,2026-08-02 11:51:00,0.0,expirado
P-01296,O-031,padaria,150.6,2026-07-29 12:19:00,2026-08-02 12:19:00,0.0,expirado
P-01297,O-002,nao_perecivel,25.4,2026-07-30 07:49:00,2026-08-05 07:49:00,0.0,expirado
P-01298,O-055,nao_perecivel,29.4,2026-07-30 12:33:00,2026-08-05 12:33:00,29.4,atendido
P-01299,O-043,nao_perecivel,25.5,2026-07-30 14:07:00,2026-08-03 14:07:00,11.5,parcial
P-01300,O-004,nao_perecivel,41.9,2026-07-30 15:04:00,2026-08-05 15:04:00,0.0,expirado
P-01301,O-050,nao_perecivel,44.7,2026-07-30 20:58:00,2026-08-03 20:58:00,0.0,expirado
P-01302,O-060,hortifruti,27.3,2026-07-31 09:29:00,2026-08-05 09:29:00,0.0,expirado
P-01303,O-043,nao_perecivel,16.6,2026-07-31 12:09:00,2026-08-03 12:09:00,0.0,expirado
P-01304,O-022,refrigerado,22.3,2026-07-31 13:42:00,2026-08-03 13:42:00,19.6,parcial
P-01305,O-025,preparado,59.4,2026-08-01 17:14:00,2026-08-05 17:14:00,8.2,parcial
P-01306,O-001,preparado,29.5,2026-08-01 17:28:00,2026-08-08 17:28:00,20.6,parcial
P-01307,O-059,hortifruti,51.5,2026-08-01 19:25:00,2026-08-06 19:25:00,0.0,expirado
P-01308,O-016,refrigerado,11.0,2026-08-02 11:25:00,2026-08-05 11:25:00,0.0,expirado
P-01309,O-024,nao_perecivel,51.5,2026-08-02 16:16:00,2026-08-07 16:16:00,37.2,parcial
P-01310,O-022,nao_perecivel,18.3,2026-08-02 19:23:00,2026-08-05 19:23:00,18.3,atendido
P-01311,O-026,padaria,12.7,2026-08-03 09:20:00,2026-08-06 09:20:00,12.7,atendido
P-01312,O-034,hortifruti,37.1,2026-08-03 11:21:00,2026-08-07 11:21:00,0.0,expirado
P-01313,O-025,congelado,70.7,2026-08-03 13:32:00,2026-08-07 13:32:00,0.0,expirado
P-01314,O-052,nao_perecivel,73.5,2026-08-03 19:48:00,2026-08-09 19:48:00,50.2,parcial
P-01315,O-023,refrigerado,14.6,2026-08-04 13:16:00,2026-08-10 13:16:00,7.4,parcial
P-01316,O-022,preparado,30.8,2026-08-04 15:23:00,2026-08-09 15:23:00,30.8,atendido
P-01317,O-041,nao_perecivel,17.6,2026-08-04 15:26:00,2026-08-08 15:26:00,0.0,expirado
P-01318,O-026,nao_perecivel,16.5,2026-08-04 15:34:00,2026-08-07 15:34:00,0.0,expirado
P-01319,O-014,refrigerado,15.5,2026-08-04 18:29:00,2026-08-09 18:29:00,10.7,parcial
P-01320,O-012,nao_perecivel,33.6,2026-08-04 21:49:00,2026-08-08 21:49:00,0.0,expirado
P-01321,O-019,hortifruti,45.1,2026-08-05 10:36:00,2026-08-12 10:36:00,45.1,atendido
P-01322,O-027,hortifruti,26.7,2026-08-05 13:11:00,2026-08-08 13:11:00,26.7,atendido
P-01323,O-032,hortifruti,36.5,2026-08-06 16:21:00,2026-08-11 16:21:00,7.5,parcial
P-01324,O-055,hortifruti,12.7,2026-08-07 15:46:00,2026-08-13 15:46:00,12.7,atendido
P-01325,O-011,nao_perecivel,14.7,2026-08-07 15:47:00,2026-08-11 15:47:00,0.0,expirado
P-01326,O-015,padaria,13.8,2026-08-07 15:52:00,2026-08-14 15:52:00,0.0,expirado
P-01327,O-012,hortifruti,26.3,2026-08-07 20:12:00,2026-08-11 20:12:00,26.3,atendido
P-01328,O-041,nao_perecivel,11.5,2026-08-08 13:05:00,2026-08-12 13:05:00,0.0,expirado
P-01329,O-052,preparado,74.5,2026-08-08 21:19:00,2026-08-12 21:19:00,66.1,parcial
P-01330,O-025,padaria,59.9,2026-08-09 12:50:00,2026-08-15 12:50:00,59.9,atendido
P-01331,O-015,nao_perecivel,16.9,2026-08-09 12:59:00,2026-08-16 12:59:00,0.0,expirado
P-01332,O-017,hortifruti,51.5,2026-08-09 19:20:00,2026-08-15 19:20:00,34.4,parcial
P-01333,O-014,nao_perecivel,25.8,2026-08-10 08:38:00,2026-08-13 08:38:00,0.0,expirado
P-01334,O-060,hortifruti,21.1,2026-08-10 10:04:00,2026-08-15 10:04:00,0.0,expirado
P-01335,O-039,refrigerado,12.5,2026-08-10 16:45:00,2026-08-16 16:45:00,7.2,parcial
P-01336,O-045,hortifruti,147.1,2026-08-11 10:06:00,2026-08-17 10:06:00,59.7,parcial
P-01337,O-043,congelado,30.4,2026-08-11 14:23:00,2026-08-14 14:23:00,30.4,atendido
P-01338,O-004,padaria,31.9,2026-08-11 14:35:00,2026-08-14 14:35:00,0.0,expirado
P-01339,O-020,refrigerado,43.3,2026-08-11 20:31:00,2026-08-18 20:31:00,43.3,atendido
P-01340,O-010,hortifruti,97.2,2026-08-12 16:40:00,2026-08-16 16:40:00,97.2,atendido
P-01341,O-009,nao_perecivel,11.4,2026-08-12 20:05:00,2026-08-17 20:05:00,0.0,expirado
P-01342,O-017,hortifruti,101.7,2026-08-12 21:47:00,2026-08-15 21:47:00,47.5,parcial
P-01343,O-009,nao_perecivel,7.6,2026-08-13 10:47:00,2026-08-20 10:47:00,7.6,atendido
P-01344,O-045,hortifruti,88.4,2026-08-13 16:34:00,2026-08-17 16:34:00,61.6,parcial
P-01345,O-037,hortifruti,42.6,2026-08-13 17:40:00,2026-08-16 17:40:00,0.0,expirado
P-01346,O-036,nao_perecivel,21.2,2026-08-14 11:09:00,2026-08-21 11:09:00,0.0,expirado
P-01347,O-031,nao_perecivel,145.3,2026-08-14 12:11:00,2026-08-21 12:11:00,0.0,expirado
P-01348,O-005,congelado,59.5,2026-08-14 14:52:00,2026-08-21 14:52:00,53.1,parcial
P-01349,O-026,nao_perecivel,7.2,2026-08-15 08:08:00,2026-08-19 08:08:00,7.2,atendido
P-01350,O-058,nao_perecivel,35.7,2026-08-15 08:24:00,2026-08-20 08:24:00,35.7,atendido
P-01351,O-042,hortifruti,19.4,2026-08-15 14:46:00,2026-08-22 14:46:00,19.4,atendido
P-01352,O-015,hortifruti,10.7,2026-08-15 15:31:00,2026-08-20 15:31:00,0.0,expirado
P-01353,O-048,congelado,14.3,2026-08-15 16:19:00,2026-08-19 16:19:00,0.0,expirado
P-01354,O-001,preparado,24.0,2026-08-16 11:17:00,2026-08-21 11:17:00,23.4,parcial
P-01355,O-024,nao_perecivel,83.6,2026-08-16 14:25:00,2026-08-23 14:25:00,83.6,atendido
P-01356,O-012,padaria,19.5,2026-08-16 18:37:00,2026-08-19 18:37:00,4.9,parcial
P-01357,O-041,hortifruti,18.3,2026-08-16 19:03:00,2026-08-23 19:03:00,0.0,expirado
P-01358,O-041,nao_perecivel,14.4,2026-08-17 14:29:00,2026-08-21 14:29:00,5.4,parcial
P-01359,O-055,padaria,21.5,2026-08-18 09:07:00,2026-08-22 09:07:00,21.5,atendido
P-01360,O-058,nao_perecivel,42.3,2026-08-18 09:22:00,2026-08-24 09:22:00,42.3,atendido
P-01361,O-024,nao_perecivel,54.7,2026-08-18 11:42:00,2026-08-22 11:42:00,54.7,atendido
P-01362,O-012,hortifruti,29.6,2026-08-18 17:58:00,2026-08-25 17:58:00,0.0,expirado
P-01363,O-001,nao_perecivel,19.4,2026-08-19 10:24:00,2026-08-24 10:24:00,0.0,expirado
P-01364,O-015,nao_perecivel,20.8,2026-08-19 10:58:00,2026-08-26 10:58:00,0.0,expirado
P-01365,O-048,preparado,19.9,2026-08-20 09:22:00,2026-08-26 09:22:00,19.9,atendido
P-01366,O-050,nao_perecivel,40.9,2026-08-20 09:38:00,2026-08-24 09:38:00,40.9,atendido
P-01367,O-031,padaria,62.2,2026-08-20 13:50:00,2026-08-24 13:50:00,0.0,expirado
P-01368,O-003,refrigerado,20.5,2026-08-20 14:07:00,2026-08-25 14:07:00,0.0,expirado
P-01369,O-015,nao_perecivel,22.9,2026-08-21 09:07:00,2026-08-28 09:07:00,0.0,expirado
P-01370,O-005,padaria,67.1,2026-08-21 09:52:00,2026-08-28 09:52:00,1.0,parcial
P-01371,O-037,nao_perecivel,57.3,2026-08-21 11:11:00,2026-08-24 11:11:00,0.0,expirado
P-01372,O-045,preparado,104.4,2026-08-21 14:45:00,2026-08-26 14:45:00,19.2,parcial
P-01373,O-034,hortifruti,32.2,2026-08-22 10:45:00,2026-08-25 10:45:00,0.0,expirado
P-01374,O-036,refrigerado,24.8,2026-08-22 12:59:00,2026-08-26 12:59:00,0.0,expirado
P-01375,O-023,nao_perecivel,23.0,2026-08-22 17:39:00,2026-08-28 17:39:00,16.5,parcial
P-01376,O-028,refrigerado,29.8,2026-08-23 08:37:00,2026-08-30 08:37:00,17.3,parcial
P-01377,O-009,nao_perecivel,9.1,2026-08-23 13:08:00,2026-08-27 13:08:00,0.0,expirado
P-01378,O-014,nao_perecivel,16.4,2026-08-23 13:37:00,2026-08-28 13:37:00,16.4,atendido
P-01379,O-033,hortifruti,21.0,2026-08-23 13:42:00,2026-08-28 13:42:00,0.0,expirado
P-01380,O-052,nao_perecivel,52.6,2026-08-23 21:06:00,2026-08-27 21:06:00,40.5,parcial
P-01381,O-050,nao_perecivel,33.7,2026-08-24 07:39:00,2026-08-30 07:39:00,33.7,atendido
P-01382,O-005,refrigerado,70.1,2026-08-24 08:06:00,2026-08-29 08:06:00,5.5,parcial
P-01383,O-001,hortifruti,28.6,2026-08-24 10:07:00,2026-08-29 10:07:00,23.9,parcial
P-01384,O-021,padaria,26.2,2026-08-24 12:22:00,2026-08-27 12:22:00,0.0,expirado
P-01385,O-055,nao_perecivel,17.7,2026-08-24 14:26:00,2026-08-29 14:26:00,0.0,expirado
P-01386,O-054,nao_perecivel,35.1,2026-08-24 15:34:00,2026-08-27 15:34:00,0.0,expirado
P-01387,O-039,hortifruti,12.5,2026-08-24 16:48:00,2026-08-28 16:48:00,12.5,atendido
P-01388,O-040,hortifruti,44.2,2026-08-24 18:02:00,2026-08-29 18:02:00,19.5,parcial
P-01389,O-022,nao_perecivel,25.9,2026-08-24 18:21:00,2026-08-29 18:21:00,24.4,parcial
P-01390,O-010,hortifruti,88.1,2026-08-25 12:29:00,2026-08-31 12:29:00,88.1,atendido
P-01391,O-049,preparado,20.9,2026-08-25 12:47:00,2026-08-31 12:47:00,20.0,parcial
P-01392,O-041,nao_perecivel,11.9,2026-08-25 15:20:00,2026-08-31 15:20:00,11.9,atendido
P-01393,O-020,preparado,17.5,2026-08-25 15:56:00,2026-08-28 15:56:00,17.5,atendido
P-01394,O-002,preparado,46.4,2026-08-25 16:43:00,2026-08-29 16:43:00,0.0,expirado
P-01395,O-060,hortifruti,25.3,2026-08-26 12:19:00,2026-08-30 12:19:00,0.0,expirado
P-01396,O-057,refrigerado,23.9,2026-08-26 18:41:00,2026-08-29 18:41:00,0.0,expirado
P-01397,O-059,hortifruti,21.4,2026-08-26 21:08:00,2026-09-02 21:08:00,21.4,atendido
P-01398,O-013,preparado,97.8,2026-08-27 09:03:00,2026-08-30 09:03:00,14.0,parcial
P-01399,O-007,preparado,26.5,2026-08-27 13:51:00,2026-08-31 13:51:00,9.6,parcial
P-01400,O-028,hortifruti,22.3,2026-08-27 17:42:00,2026-09-02 17:42:00,22.3,atendido
P-01401,O-030,padaria,20.4,2026-08-27 19:27:00,2026-09-02 19:27:00,20.4,atendido
P-01402,O-014,nao_perecivel,47.3,2026-08-27 22:25:00,2026-09-02 22:25:00,24.2,parcial
P-01403,O-020,nao_perecivel,29.9,2026-08-27 22:32:00,2026-09-01 22:32:00,29.9,atendido
P-01404,O-031,padaria,113.5,2026-08-28 08:20:00,2026-09-02 08:20:00,0.0,expirado
P-01405,O-005,nao_perecivel,75.3,2026-08-28 13:04:00,2026-08-31 13:04:00,0.0,expirado
P-01406,O-036,hortifruti,14.0,2026-08-28 15:40:00,2026-09-02 15:40:00,0.0,expirado
P-01407,O-011,preparado,18.9,2026-08-28 17:02:00,2026-08-31 17:02:00,0.0,expirado
P-01408,O-019,hortifruti,50.0,2026-08-29 09:48:00,2026-09-05 09:48:00,0.0,expirado
P-01409,O-046,refrigerado,34.2,2026-08-29 10:59:00,2026-09-04 10:59:00,22.0,parcial
P-01410,O-028,nao_perecivel,26.6,2026-08-29 12:48:00,2026-09-02 12:48:00,20.8,parcial
P-01411,O-011,padaria,19.4,2026-08-29 13:34:00,2026-09-01 13:34:00,0.0,expirado
P-01412,O-034,hortifruti,36.6,2026-08-29 15:18:00,2026-09-05 15:18:00,0.0,expirado
P-01413,O-024,hortifruti,39.5,2026-08-29 15:29:00,2026-09-05 15:29:00,39.5,atendido
P-01414,O-013,nao_perecivel,95.9,2026-08-30 09:12:00,2026-09-02 09:12:00,95.9,atendido
P-01415,O-014,nao_perecivel,49.3,2026-08-30 11:34:00,2026-09-03 11:34:00,0.0,expirado
P-01416,O-008,padaria,78.4,2026-08-30 11:36:00,2026-09-03 11:36:00,0.0,expirado
P-01417,O-039,hortifruti,18.6,2026-08-30 11:38:00,2026-09-02 11:38:00,5.0,parcial
P-01418,O-010,congelado,49.8,2026-08-30 15:26:00,2026-09-04 15:26:00,0.0,expirado
P-01419,O-050,preparado,28.5,2026-08-31 16:12:00,2026-09-07 16:12:00,11.4,parcial
P-01420,O-044,nao_perecivel,35.8,2026-08-31 17:20:00,2026-09-06 17:20:00,0.0,expirado
